Order ID,Customer ID,Restaurant ID,Order Date and Time,Delivery Date and Time,Order Value,Delivery Fee,Payment Method,Discounts and Offers,Commission Fee,Payment Processing Fee,Refunds/Chargebacks
1,C8270,R2924,2/1/2024,2/1/2024,1914,0,Credit Card,5% on App,150,47,0
2,C1860,R2054,2/2/2024,2/2/2024,986,40,Digital Wallet,10%,198,23,0
3,C6390,R2870,1/31/2024,1/31/2024,937,30,Cash on Delivery,15% New User,195,45,0
4,C6191,R2642,1/16/2024,1/16/2024,1463,50,Cash on Delivery,None,146,27,0
5,C6734,R2799,1/29/2024,1/29/2024,1992,30,Cash on Delivery,50 off Promo,130,50,0
6,C7265,R2777,1/25/2024,1/25/2024,439,20,Cash on Delivery,10%,92,27,150
7,C1466,R2457,1/12/2024,1/13/2024,303,30,Digital Wallet,5% on App,144,12,50
8,C5426,R2978,1/26/2024,1/27/2024,260,0,Credit Card,10%,55,19,0
9,C6578,R2877,1/2/2024,1/2/2024,1663,40,Cash on Delivery,5% on App,116,48,0
10,C9322,R2161,1/5/2024,1/5/2024,491,40,Digital Wallet,10%,189,10,0
11,C2685,R2379,1/1/2024,1/1/2024,868,0,Cash on Delivery,5% on App,149,36,0
12,C1769,R2992,1/9/2024,1/9/2024,1800,20,Credit Card,15% New User,61,36,0
13,C7949,R2086,1/5/2024,1/5/2024,674,0,Cash on Delivery,None,115,20,0
14,C3433,R2054,2/4/2024,2/4/2024,633,30,Digital Wallet,15% New User,51,14,50
15,C6311,R2475,2/3/2024,2/3/2024,1193,0,Credit Card,None,192,16,0
16,C6051,R2799,1/15/2024,1/15/2024,992,0,Digital Wallet,15% New User,200,28,0
17,C7420,R2177,2/4/2024,2/4/2024,504,20,Credit Card,15% New User,130,38,0
18,C2184,R2390,1/13/2024,1/13/2024,707,30,Credit Card,10%,184,24,0
19,C5555,R2348,1/31/2024,1/31/2024,1798,50,Credit Card,50 off Promo,191,44,0
20,C4385,R2007,1/13/2024,1/13/2024,1714,50,Cash on Delivery,5% on App,119,46,100
21,C7396,R2832,1/27/2024,1/27/2024,1640,40,Digital Wallet,5% on App,164,21,0
22,C9666,R2312,1/5/2024,1/5/2024,927,0,Digital Wallet,5% on App,137,39,0
23,C3558,R2758,1/23/2024,1/23/2024,1243,40,Digital Wallet,None,55,29,100
24,C8849,R2834,2/7/2024,2/7/2024,1937,20,Credit Card,5% on App,76,46,0
25,C3047,R2983,1/13/2024,1/13/2024,789,50,Cash on Delivery,5% on App,131,12,0
26,C3747,R2982,1/12/2024,1/12/2024,1811,0,Credit Card,10%,137,18,0
27,C1189,R2442,1/11/2024,1/11/2024,1001,20,Digital Wallet,15% New User,169,50,0
28,C3734,R2766,2/3/2024,2/3/2024,1340,20,Cash on Delivery,5% on App,73,48,100
29,C4005,R2327,1/17/2024,1/18/2024,155,0,Cash on Delivery,50 off Promo,151,35,0
30,C5658,R2053,2/5/2024,2/5/2024,465,20,Cash on Delivery,5% on App,83,11,0
31,C2899,R2760,1/29/2024,1/29/2024,1822,0,Digital Wallet,None,96,32,0
32,C8734,R2238,1/3/2024,1/3/2024,1627,0,Cash on Delivery,None,73,32,0
33,C2267,R2228,2/1/2024,2/1/2024,1867,30,Cash on Delivery,None,114,30,50
34,C2528,R2578,1/23/2024,1/23/2024,1890,40,Credit Card,5% on App,67,25,0
35,C4556,R2050,1/27/2024,1/27/2024,554,20,Credit Card,10%,93,18,0
36,C4890,R2608,1/4/2024,1/4/2024,203,20,Cash on Delivery,50 off Promo,125,22,0
37,C9838,R2603,1/4/2024,1/4/2024,176,30,Cash on Delivery,5% on App,106,37,0
38,C6393,R2263,1/15/2024,1/15/2024,329,30,Credit Card,10%,156,36,0
39,C9792,R2417,2/5/2024,2/5/2024,1381,30,Credit Card,10%,173,26,0
40,C9433,R2802,1/16/2024,1/16/2024,1387,50,Credit Card,5% on App,200,47,0
41,C8513,R2095,1/2/2024,1/2/2024,430,50,Digital Wallet,5% on App,188,45,150
42,C3612,R2087,1/27/2024,1/27/2024,1305,50,Digital Wallet,10%,165,10,0
43,C8041,R2077,1/21/2024,1/21/2024,992,0,Credit Card,10%,142,27,0
44,C7235,R2287,1/16/2024,1/16/2024,1891,20,Cash on Delivery,10%,91,18,0
45,C6486,R2119,1/1/2024,1/1/2024,1673,40,Credit Card,5% on App,77,22,100
46,C8099,R2813,1/4/2024,1/5/2024,787,0,Digital Wallet,10%,172,49,0
47,C1775,R2490,1/20/2024,1/20/2024,126,20,Cash on Delivery,None,73,24,150
48,C9226,R2911,1/6/2024,1/6/2024,1399,20,Digital Wallet,5% on App,185,13,0
49,C4152,R2451,1/27/2024,1/27/2024,1775,30,Cash on Delivery,None,155,42,50
50,C2585,R2499,2/7/2024,2/7/2024,398,30,Digital Wallet,15% New User,167,33,0
51,C4943,R2164,1/30/2024,1/30/2024,1056,0,Cash on Delivery,5% on App,102,45,0
52,C8555,R2181,1/1/2024,1/1/2024,898,30,Cash on Delivery,15% New User,181,50,0
53,C4073,R2468,1/11/2024,1/11/2024,1214,20,Cash on Delivery,10%,149,19,0
54,C2021,R2909,1/19/2024,1/19/2024,579,30,Cash on Delivery,10%,54,45,50
55,C4843,R2734,1/23/2024,1/23/2024,672,50,Digital Wallet,50 off Promo,98,29,0
56,C8989,R2822,2/2/2024,2/2/2024,557,30,Digital Wallet,10%,147,50,0
57,C7873,R2943,1/5/2024,1/5/2024,1574,20,Cash on Delivery,15% New User,79,20,0
58,C6675,R2977,1/14/2024,1/15/2024,464,0,Cash on Delivery,10%,121,21,0
59,C1161,R2006,1/18/2024,1/18/2024,958,40,Digital Wallet,5% on App,152,27,50
60,C5297,R2329,1/2/2024,1/3/2024,1798,30,Cash on Delivery,10%,112,39,100
61,C1995,R2774,1/5/2024,1/5/2024,450,20,Cash on Delivery,50 off Promo,75,46,0
62,C8629,R2672,1/3/2024,1/3/2024,1778,40,Cash on Delivery,10%,86,29,0
63,C2016,R2150,1/17/2024,1/17/2024,1523,40,Credit Card,15% New User,56,34,0
64,C8869,R2084,1/14/2024,1/15/2024,352,50,Cash on Delivery,15% New User,176,21,150
65,C7439,R2146,2/3/2024,2/3/2024,880,40,Credit Card,10%,141,30,0
66,C8892,R2623,2/6/2024,2/6/2024,902,20,Cash on Delivery,15% New User,152,34,100
67,C7863,R2380,1/20/2024,1/20/2024,1111,20,Digital Wallet,15% New User,102,20,50
68,C8916,R2914,2/4/2024,2/4/2024,558,30,Credit Card,50 off Promo,181,18,0
69,C9529,R2547,1/28/2024,1/28/2024,1822,30,Credit Card,5% on App,157,34,0
70,C1878,R2284,2/5/2024,2/5/2024,1016,30,Cash on Delivery,50 off Promo,161,44,0
71,C5887,R2699,1/16/2024,1/16/2024,598,40,Cash on Delivery,None,56,41,0
72,C5859,R2081,1/21/2024,1/21/2024,1049,40,Credit Card,50 off Promo,116,23,0
73,C7331,R2513,1/14/2024,1/14/2024,607,50,Digital Wallet,10%,157,10,50
74,C9571,R2896,1/21/2024,1/21/2024,1427,30,Digital Wallet,5% on App,160,26,0
75,C9684,R2814,1/3/2024,1/3/2024,600,0,Cash on Delivery,10%,197,34,0
76,C8208,R2708,2/1/2024,2/1/2024,902,50,Digital Wallet,None,132,17,150
77,C6276,R2915,1/23/2024,1/23/2024,697,0,Digital Wallet,5% on App,173,14,0
78,C3062,R2522,1/22/2024,1/23/2024,265,40,Cash on Delivery,15% New User,188,14,0
79,C1064,R2745,2/6/2024,2/6/2024,1538,50,Digital Wallet,50 off Promo,153,50,0
80,C9006,R2385,1/2/2024,1/2/2024,561,50,Cash on Delivery,10%,116,44,150
81,C3568,R2706,2/1/2024,2/1/2024,1019,20,Credit Card,None,56,28,150
82,C6463,R2470,1/16/2024,1/16/2024,213,40,Cash on Delivery,15% New User,200,32,0
83,C3027,R2118,1/13/2024,1/13/2024,1556,40,Credit Card,50 off Promo,159,18,0
84,C3695,R2395,1/29/2024,1/29/2024,1091,50,Credit Card,15% New User,83,39,0
85,C6258,R2531,1/1/2024,1/1/2024,1479,40,Digital Wallet,50 off Promo,155,25,0
86,C6618,R2260,1/1/2024,1/1/2024,1818,50,Digital Wallet,5% on App,196,42,0
87,C7736,R2804,2/6/2024,2/6/2024,306,20,Digital Wallet,15% New User,107,11,100
88,C1391,R2933,2/3/2024,2/3/2024,1891,50,Cash on Delivery,15% New User,58,23,0
89,C6892,R2255,1/16/2024,1/16/2024,1358,40,Digital Wallet,15% New User,97,10,0
90,C4561,R2733,1/29/2024,1/29/2024,1565,40,Credit Card,5% on App,164,35,0
91,C7184,R2904,1/19/2024,1/19/2024,1478,50,Digital Wallet,None,90,34,0
92,C4099,R2225,2/3/2024,2/3/2024,614,50,Digital Wallet,50 off Promo,97,25,150
93,C7278,R2052,1/24/2024,1/24/2024,1331,50,Cash on Delivery,15% New User,74,24,50
94,C9392,R2939,1/29/2024,1/29/2024,808,30,Cash on Delivery,5% on App,165,35,0
95,C4104,R2866,1/14/2024,1/14/2024,1976,40,Credit Card,None,127,25,50
96,C8215,R2499,1/10/2024,1/10/2024,1248,40,Cash on Delivery,50 off Promo,157,23,0
97,C3454,R2505,1/8/2024,1/8/2024,237,30,Digital Wallet,5% on App,74,38,0
98,C9996,R2853,1/18/2024,1/19/2024,438,50,Cash on Delivery,50 off Promo,196,33,0
99,C3731,R2363,2/6/2024,2/6/2024,636,20,Credit Card,15% New User,88,24,0
100,C9154,R2279,1/20/2024,1/20/2024,167,50,Digital Wallet,None,168,28,0
101,C6056,R2592,1/10/2024,1/10/2024,1696,50,Credit Card,5% on App,128,17,0
102,C9110,R2713,1/23/2024,1/23/2024,1664,30,Cash on Delivery,None,129,43,0
103,C4840,R2157,1/20/2024,1/20/2024,482,40,Cash on Delivery,15% New User,76,11,0
104,C2028,R2631,1/22/2024,1/22/2024,118,50,Credit Card,None,153,36,0
105,C8385,R2058,1/13/2024,1/13/2024,782,40,Digital Wallet,None,123,19,0
106,C1502,R2726,1/25/2024,1/25/2024,1573,0,Cash on Delivery,10%,117,44,0
107,C7910,R2127,1/12/2024,1/12/2024,173,40,Cash on Delivery,None,196,32,50
108,C7938,R2735,1/6/2024,1/6/2024,672,20,Digital Wallet,50 off Promo,77,17,0
109,C5488,R2720,1/14/2024,1/14/2024,1038,20,Cash on Delivery,5% on App,172,37,100
110,C1206,R2881,1/14/2024,1/14/2024,1788,50,Credit Card,10%,187,32,0
111,C6134,R2114,2/1/2024,2/1/2024,1399,40,Cash on Delivery,5% on App,132,13,150
112,C6977,R2208,1/6/2024,1/6/2024,1171,50,Cash on Delivery,5% on App,79,23,0
113,C8721,R2525,1/1/2024,1/1/2024,310,30,Digital Wallet,15% New User,71,38,0
114,C8035,R2520,2/2/2024,2/2/2024,954,20,Credit Card,15% New User,52,10,0
115,C2484,R2551,2/6/2024,2/6/2024,750,50,Digital Wallet,10%,150,13,0
116,C8858,R2961,1/18/2024,1/18/2024,1745,30,Cash on Delivery,15% New User,154,41,0
117,C1863,R2236,1/15/2024,1/15/2024,1093,50,Cash on Delivery,15% New User,51,42,0
118,C3790,R2280,1/6/2024,1/6/2024,794,40,Digital Wallet,15% New User,103,35,0
119,C8408,R2358,1/15/2024,1/15/2024,639,40,Digital Wallet,5% on App,55,26,50
120,C9755,R2200,1/30/2024,1/30/2024,1832,40,Digital Wallet,10%,156,48,100
121,C6116,R2757,1/4/2024,1/4/2024,1314,40,Credit Card,5% on App,172,32,50
122,C7019,R2277,2/5/2024,2/5/2024,1438,0,Cash on Delivery,50 off Promo,51,41,0
123,C2757,R2234,2/6/2024,2/6/2024,1000,30,Digital Wallet,5% on App,160,24,0
124,C8574,R2493,1/2/2024,1/2/2024,1686,30,Cash on Delivery,50 off Promo,51,22,0
125,C7374,R2003,1/23/2024,1/23/2024,1784,40,Credit Card,None,142,11,150
126,C7892,R2665,2/3/2024,2/3/2024,879,0,Credit Card,None,150,28,0
127,C2678,R2441,2/3/2024,2/3/2024,1685,40,Credit Card,50 off Promo,146,33,0
128,C4242,R2028,1/16/2024,1/16/2024,1881,0,Credit Card,50 off Promo,160,33,100
129,C5636,R2108,1/2/2024,1/2/2024,1236,40,Cash on Delivery,5% on App,55,20,0
130,C2059,R2609,1/8/2024,1/8/2024,269,20,Credit Card,50 off Promo,176,31,0
131,C7668,R2726,1/31/2024,1/31/2024,1591,20,Credit Card,10%,153,24,50
132,C4157,R2804,1/6/2024,1/6/2024,1801,50,Digital Wallet,None,196,19,150
133,C6915,R2074,1/20/2024,1/20/2024,1137,40,Credit Card,None,50,50,150
134,C3693,R2837,1/23/2024,1/24/2024,1838,30,Digital Wallet,50 off Promo,82,36,0
135,C4627,R2145,1/18/2024,1/18/2024,387,50,Credit Card,15% New User,89,18,100
136,C6450,R2127,2/6/2024,2/6/2024,288,20,Credit Card,15% New User,81,37,100
137,C2663,R2852,1/31/2024,1/31/2024,1013,40,Digital Wallet,50 off Promo,66,10,0
138,C6592,R2041,1/12/2024,1/12/2024,1278,50,Credit Card,10%,175,26,50
139,C8392,R2355,2/2/2024,2/2/2024,1690,40,Cash on Delivery,15% New User,57,40,0
140,C2306,R2040,1/9/2024,1/9/2024,793,20,Cash on Delivery,50 off Promo,106,19,100
141,C7776,R2933,2/1/2024,2/1/2024,1845,50,Credit Card,10%,91,46,0
142,C6864,R2033,1/24/2024,1/24/2024,987,20,Cash on Delivery,10%,147,38,0
143,C8526,R2016,1/8/2024,1/8/2024,570,0,Digital Wallet,5% on App,186,27,0
144,C9901,R2676,2/1/2024,2/1/2024,1198,20,Credit Card,10%,169,47,50
145,C6575,R2152,1/31/2024,1/31/2024,376,40,Credit Card,15% New User,136,48,0
146,C6530,R2997,1/30/2024,1/30/2024,1039,30,Digital Wallet,15% New User,103,15,0
147,C5413,R2377,1/9/2024,1/9/2024,1768,20,Digital Wallet,50 off Promo,133,49,0
148,C4748,R2587,2/5/2024,2/5/2024,1466,30,Digital Wallet,50 off Promo,74,21,150
149,C1663,R2598,1/30/2024,1/30/2024,1548,0,Credit Card,10%,116,23,0
150,C2998,R2628,1/7/2024,1/7/2024,670,50,Digital Wallet,None,95,19,50
151,C8994,R2873,1/27/2024,1/28/2024,1634,50,Digital Wallet,5% on App,71,29,0
152,C2495,R2341,1/30/2024,1/30/2024,956,30,Cash on Delivery,None,188,24,0
153,C4304,R2980,2/3/2024,2/3/2024,1100,50,Cash on Delivery,10%,57,40,0
154,C4763,R2026,1/12/2024,1/12/2024,1305,20,Credit Card,10%,88,16,0
155,C6232,R2824,1/1/2024,1/1/2024,557,30,Cash on Delivery,None,98,50,0
156,C2853,R2286,1/29/2024,1/29/2024,1017,40,Cash on Delivery,5% on App,95,19,0
157,C7585,R2645,1/2/2024,1/2/2024,1974,20,Digital Wallet,None,87,19,0
158,C2291,R2730,2/6/2024,2/6/2024,932,20,Digital Wallet,50 off Promo,185,48,0
159,C4581,R2167,1/23/2024,1/23/2024,1187,20,Cash on Delivery,15% New User,103,37,50
160,C8554,R2609,2/3/2024,2/3/2024,938,40,Cash on Delivery,50 off Promo,141,39,0
161,C8280,R2267,1/5/2024,1/5/2024,1383,0,Cash on Delivery,15% New User,89,46,0
162,C2636,R2748,1/28/2024,1/28/2024,292,50,Credit Card,10%,83,12,0
163,C4696,R2820,2/1/2024,2/1/2024,1778,30,Credit Card,5% on App,145,24,100
164,C1698,R2454,1/13/2024,1/13/2024,715,0,Credit Card,None,128,30,150
165,C5737,R2905,1/19/2024,1/19/2024,505,30,Cash on Delivery,5% on App,176,46,100
166,C1854,R2684,1/17/2024,1/17/2024,1849,50,Cash on Delivery,None,66,21,0
167,C9164,R2400,1/13/2024,1/13/2024,1877,40,Credit Card,50 off Promo,159,13,0
168,C6855,R2921,1/23/2024,1/23/2024,1042,20,Credit Card,50 off Promo,101,18,0
169,C8392,R2980,2/3/2024,2/3/2024,820,20,Cash on Delivery,None,167,48,0
170,C7528,R2475,1/8/2024,1/8/2024,192,40,Digital Wallet,5% on App,58,37,0
171,C6249,R2701,1/27/2024,1/27/2024,529,0,Credit Card,None,82,32,150
172,C6172,R2633,2/2/2024,2/2/2024,753,0,Cash on Delivery,10%,162,49,0
173,C2707,R2557,1/23/2024,1/23/2024,1557,30,Cash on Delivery,50 off Promo,198,31,0
174,C6791,R2575,1/12/2024,1/12/2024,1527,40,Digital Wallet,10%,134,33,0
175,C6535,R2129,1/11/2024,1/11/2024,533,0,Cash on Delivery,50 off Promo,59,35,50
176,C5931,R2821,1/5/2024,1/5/2024,1235,40,Cash on Delivery,50 off Promo,55,39,150
177,C4510,R2362,2/5/2024,2/5/2024,474,50,Credit Card,15% New User,164,42,0
178,C1202,R2704,1/1/2024,1/1/2024,1182,20,Credit Card,10%,170,25,0
179,C5218,R2818,1/8/2024,1/8/2024,1166,20,Digital Wallet,10%,190,31,0
180,C9958,R2692,1/24/2024,1/24/2024,306,20,Digital Wallet,15% New User,114,27,0
181,C5389,R2291,1/13/2024,1/13/2024,879,40,Cash on Delivery,5% on App,69,16,0
182,C3327,R2370,1/18/2024,1/18/2024,1419,40,Credit Card,10%,106,35,0
183,C9004,R2793,1/28/2024,1/28/2024,1241,30,Digital Wallet,None,95,17,0
184,C3931,R2028,1/30/2024,1/31/2024,631,20,Digital Wallet,15% New User,185,15,50
185,C8777,R2148,1/23/2024,1/23/2024,1345,30,Digital Wallet,10%,59,39,0
186,C1197,R2778,1/19/2024,1/19/2024,265,20,Cash on Delivery,5% on App,162,48,0
187,C8125,R2295,1/3/2024,1/3/2024,742,30,Credit Card,10%,188,32,0
188,C2930,R2010,1/16/2024,1/16/2024,1279,30,Digital Wallet,50 off Promo,61,41,100
189,C7287,R2511,1/27/2024,1/27/2024,1307,50,Credit Card,None,187,31,0
190,C9800,R2675,1/25/2024,1/25/2024,189,30,Digital Wallet,15% New User,60,18,0
191,C5282,R2112,2/3/2024,2/3/2024,1217,40,Digital Wallet,50 off Promo,167,40,0
192,C3511,R2186,1/9/2024,1/9/2024,112,30,Credit Card,5% on App,88,16,0
193,C1659,R2806,1/13/2024,1/13/2024,1072,20,Credit Card,50 off Promo,102,18,0
194,C3811,R2743,1/15/2024,1/15/2024,1957,30,Credit Card,50 off Promo,105,22,0
195,C8098,R2226,1/22/2024,1/22/2024,904,0,Cash on Delivery,5% on App,153,12,0
196,C7546,R2309,1/26/2024,1/26/2024,1044,20,Digital Wallet,50 off Promo,178,44,0
197,C2986,R2097,1/16/2024,1/16/2024,841,0,Cash on Delivery,15% New User,105,42,50
198,C9338,R2054,1/28/2024,1/28/2024,1957,20,Credit Card,10%,167,30,0
199,C3911,R2622,1/20/2024,1/20/2024,1927,40,Digital Wallet,50 off Promo,181,40,0
200,C2734,R2663,1/13/2024,1/13/2024,1561,40,Cash on Delivery,15% New User,79,43,150
201,C2843,R2757,1/5/2024,1/5/2024,1661,40,Digital Wallet,10%,61,41,0
202,C9680,R2405,1/20/2024,1/20/2024,1710,0,Cash on Delivery,10%,84,44,0
203,C3976,R2068,1/7/2024,1/7/2024,975,50,Credit Card,50 off Promo,126,24,150
204,C2959,R2311,1/25/2024,1/25/2024,1934,20,Cash on Delivery,15% New User,151,41,0
205,C6759,R2288,1/12/2024,1/12/2024,1273,40,Digital Wallet,50 off Promo,136,15,0
206,C7694,R2761,1/30/2024,1/30/2024,759,20,Digital Wallet,5% on App,101,30,0
207,C3385,R2547,1/25/2024,1/25/2024,1131,0,Digital Wallet,10%,129,42,0
208,C5736,R2750,1/18/2024,1/18/2024,1152,50,Digital Wallet,50 off Promo,184,41,0
209,C2802,R2147,2/2/2024,2/2/2024,395,0,Credit Card,10%,71,28,50
210,C9155,R2466,1/23/2024,1/23/2024,1085,20,Cash on Delivery,15% New User,124,42,100
211,C9120,R2738,2/6/2024,2/6/2024,1025,50,Credit Card,None,107,37,0
212,C7616,R2243,2/2/2024,2/2/2024,1844,50,Credit Card,50 off Promo,142,40,150
213,C6534,R2490,1/7/2024,1/7/2024,739,0,Credit Card,50 off Promo,152,30,0
214,C5061,R2848,1/24/2024,1/24/2024,439,40,Digital Wallet,10%,189,43,0
215,C1262,R2957,1/10/2024,1/10/2024,727,20,Digital Wallet,15% New User,56,24,0
216,C7287,R2506,2/6/2024,2/6/2024,538,30,Digital Wallet,5% on App,177,23,0
217,C9815,R2364,1/12/2024,1/12/2024,1267,30,Cash on Delivery,15% New User,104,28,0
218,C3049,R2481,1/1/2024,1/1/2024,1041,0,Digital Wallet,50 off Promo,155,24,0
219,C6423,R2200,1/29/2024,1/29/2024,929,20,Cash on Delivery,5% on App,111,15,0
220,C5548,R2153,1/28/2024,1/28/2024,1870,20,Digital Wallet,15% New User,139,18,0
221,C4108,R2449,1/16/2024,1/16/2024,618,0,Digital Wallet,None,147,46,0
222,C8158,R2500,1/20/2024,1/20/2024,1075,20,Credit Card,10%,126,29,0
223,C8400,R2072,1/14/2024,1/14/2024,1168,40,Credit Card,15% New User,168,43,0
224,C4170,R2712,1/10/2024,1/10/2024,1054,0,Credit Card,15% New User,85,47,0
225,C3255,R2295,2/4/2024,2/4/2024,1362,40,Cash on Delivery,None,138,35,0
226,C2154,R2016,2/3/2024,2/3/2024,1051,20,Cash on Delivery,50 off Promo,194,27,150
227,C5499,R2640,1/3/2024,1/4/2024,1043,0,Digital Wallet,10%,179,37,0
228,C7295,R2216,1/12/2024,1/12/2024,254,20,Cash on Delivery,15% New User,190,18,0
229,C7197,R2060,1/16/2024,1/16/2024,1304,0,Digital Wallet,5% on App,142,41,0
230,C2648,R2938,1/26/2024,1/26/2024,1338,20,Cash on Delivery,15% New User,163,15,0
231,C6539,R2615,1/9/2024,1/9/2024,187,40,Cash on Delivery,10%,77,23,0
232,C5199,R2041,2/1/2024,2/1/2024,1379,40,Cash on Delivery,15% New User,192,37,0
233,C9445,R2024,2/4/2024,2/4/2024,1634,20,Credit Card,None,82,33,0
234,C3557,R2038,1/9/2024,1/9/2024,1196,0,Cash on Delivery,15% New User,69,22,0
235,C6592,R2802,2/2/2024,2/2/2024,1030,30,Credit Card,15% New User,189,21,0
236,C1098,R2130,1/15/2024,1/15/2024,278,40,Credit Card,5% on App,150,28,0
237,C3200,R2497,1/2/2024,1/2/2024,311,40,Cash on Delivery,None,72,30,0
238,C3961,R2228,1/5/2024,1/5/2024,1928,30,Digital Wallet,None,161,36,0
239,C5973,R2107,2/7/2024,2/7/2024,1357,20,Digital Wallet,15% New User,63,28,0
240,C5433,R2171,2/7/2024,2/7/2024,564,0,Digital Wallet,5% on App,140,33,0
241,C3869,R2434,1/17/2024,1/17/2024,1874,20,Cash on Delivery,15% New User,126,35,0
242,C1956,R2477,1/25/2024,1/25/2024,1346,50,Digital Wallet,15% New User,134,37,100
243,C9352,R2101,1/9/2024,1/9/2024,730,40,Credit Card,10%,158,27,0
244,C6699,R2865,1/9/2024,1/9/2024,924,50,Digital Wallet,10%,80,45,50
245,C7944,R2523,1/24/2024,1/24/2024,1387,40,Cash on Delivery,5% on App,171,38,50
246,C5493,R2274,1/1/2024,1/2/2024,1330,40,Digital Wallet,50 off Promo,156,26,0
247,C5911,R2612,1/25/2024,1/25/2024,706,50,Credit Card,10%,103,13,0
248,C4987,R2043,1/9/2024,1/9/2024,984,50,Cash on Delivery,50 off Promo,182,38,0
249,C7015,R2954,1/23/2024,1/23/2024,1857,20,Digital Wallet,None,190,13,0
250,C2218,R2816,1/3/2024,1/3/2024,465,50,Cash on Delivery,10%,92,19,100
251,C5496,R2956,2/7/2024,2/7/2024,375,20,Cash on Delivery,10%,138,34,0
252,C5735,R2016,1/1/2024,1/1/2024,479,20,Cash on Delivery,5% on App,164,40,0
253,C5555,R2329,1/4/2024,1/4/2024,1866,20,Digital Wallet,50 off Promo,148,12,0
254,C9050,R2568,1/18/2024,1/18/2024,1432,40,Cash on Delivery,10%,96,11,0
255,C4446,R2822,1/22/2024,1/22/2024,1754,40,Digital Wallet,10%,120,34,0
256,C2045,R2496,1/22/2024,1/22/2024,1391,50,Credit Card,5% on App,116,15,0
257,C7893,R2814,2/2/2024,2/2/2024,1044,40,Digital Wallet,5% on App,111,35,100
258,C2693,R2011,2/4/2024,2/4/2024,1908,50,Credit Card,50 off Promo,158,17,0
259,C4436,R2317,2/7/2024,2/7/2024,1187,40,Digital Wallet,None,86,44,0
260,C9754,R2591,1/2/2024,1/2/2024,909,0,Cash on Delivery,None,168,36,0
261,C6895,R2215,2/4/2024,2/4/2024,1473,0,Digital Wallet,15% New User,135,34,0
262,C4354,R2338,1/8/2024,1/8/2024,1024,50,Cash on Delivery,10%,175,27,0
263,C1225,R2775,1/7/2024,1/7/2024,593,40,Credit Card,50 off Promo,185,10,0
264,C5893,R2990,1/17/2024,1/17/2024,1646,40,Digital Wallet,10%,101,48,150
265,C8022,R2660,1/16/2024,1/16/2024,1221,20,Cash on Delivery,50 off Promo,140,12,100
266,C6600,R2080,1/21/2024,1/22/2024,1194,30,Credit Card,50 off Promo,82,13,0
267,C8996,R2726,1/24/2024,1/24/2024,463,50,Credit Card,50 off Promo,130,50,0
268,C8683,R2484,1/23/2024,1/23/2024,669,30,Digital Wallet,10%,91,46,0
269,C5642,R2373,1/7/2024,1/7/2024,1925,30,Credit Card,5% on App,161,24,0
270,C8679,R2975,1/17/2024,1/17/2024,862,50,Cash on Delivery,10%,175,17,0
271,C9208,R2709,1/12/2024,1/12/2024,375,40,Credit Card,50 off Promo,185,47,0
272,C8339,R2199,2/1/2024,2/1/2024,149,50,Credit Card,15% New User,200,28,0
273,C3205,R2536,1/3/2024,1/3/2024,1481,30,Cash on Delivery,None,155,35,0
274,C2069,R2465,1/15/2024,1/15/2024,827,40,Credit Card,50 off Promo,174,48,100
275,C4444,R2088,1/27/2024,1/27/2024,1005,0,Credit Card,15% New User,162,19,0
276,C2060,R2267,1/21/2024,1/21/2024,1027,50,Credit Card,5% on App,113,47,100
277,C3327,R2654,1/27/2024,1/27/2024,663,50,Credit Card,50 off Promo,172,23,0
278,C4420,R2570,1/7/2024,1/7/2024,882,40,Cash on Delivery,15% New User,163,50,150
279,C1301,R2921,1/7/2024,1/7/2024,584,0,Credit Card,50 off Promo,69,28,0
280,C1606,R2488,2/1/2024,2/1/2024,1207,0,Cash on Delivery,10%,65,39,0
281,C4170,R2876,1/21/2024,1/21/2024,1928,40,Credit Card,15% New User,194,14,0
282,C1699,R2537,1/1/2024,1/1/2024,1761,20,Credit Card,10%,68,40,150
283,C6088,R2046,1/31/2024,1/31/2024,1931,50,Credit Card,10%,169,16,100
284,C1190,R2287,1/31/2024,1/31/2024,683,50,Credit Card,15% New User,185,28,150
285,C1980,R2777,1/21/2024,1/21/2024,1419,30,Cash on Delivery,None,87,40,0
286,C3975,R2015,1/27/2024,1/28/2024,335,40,Cash on Delivery,15% New User,142,48,0
287,C7102,R2710,2/7/2024,2/7/2024,155,30,Cash on Delivery,None,154,33,50
288,C2184,R2400,1/13/2024,1/13/2024,459,30,Digital Wallet,50 off Promo,149,43,50
289,C4327,R2918,1/16/2024,1/16/2024,209,0,Credit Card,50 off Promo,139,32,0
290,C4394,R2793,1/20/2024,1/20/2024,291,50,Credit Card,15% New User,93,49,50
291,C9319,R2980,1/26/2024,1/26/2024,1003,30,Cash on Delivery,50 off Promo,125,15,100
292,C2816,R2085,1/18/2024,1/18/2024,1216,0,Digital Wallet,5% on App,194,47,0
293,C6854,R2249,1/30/2024,1/30/2024,961,40,Credit Card,10%,128,50,0
294,C7709,R2390,1/27/2024,1/27/2024,667,30,Cash on Delivery,10%,122,45,0
295,C1569,R2781,1/28/2024,1/28/2024,1183,50,Credit Card,None,189,36,150
296,C6442,R2334,1/3/2024,1/3/2024,749,30,Credit Card,50 off Promo,145,20,150
297,C2895,R2628,1/15/2024,1/15/2024,138,40,Cash on Delivery,None,138,14,0
298,C3733,R2518,1/30/2024,1/30/2024,1663,30,Cash on Delivery,10%,152,26,0
299,C4863,R2136,1/6/2024,1/6/2024,1172,50,Credit Card,10%,195,16,100
300,C8455,R2882,2/3/2024,2/3/2024,1543,0,Credit Card,50 off Promo,55,36,0
301,C5014,R2687,2/1/2024,2/1/2024,736,50,Cash on Delivery,5% on App,171,24,0
302,C2686,R2839,1/3/2024,1/3/2024,1136,0,Credit Card,5% on App,165,22,0
303,C4009,R2497,1/28/2024,1/28/2024,135,20,Credit Card,50 off Promo,111,20,50
304,C8806,R2826,1/6/2024,1/6/2024,200,50,Cash on Delivery,50 off Promo,193,35,0
305,C1154,R2726,1/25/2024,1/25/2024,1917,50,Credit Card,None,185,31,0
306,C2409,R2476,1/12/2024,1/12/2024,1209,40,Credit Card,50 off Promo,138,37,150
307,C1784,R2593,1/11/2024,1/11/2024,1639,30,Digital Wallet,5% on App,145,33,0
308,C9096,R2222,1/1/2024,1/1/2024,1346,0,Cash on Delivery,50 off Promo,175,38,0
309,C8560,R2989,2/5/2024,2/5/2024,1461,0,Digital Wallet,None,139,18,50
310,C8343,R2371,1/10/2024,1/11/2024,265,40,Digital Wallet,None,135,13,0
311,C8206,R2934,2/7/2024,2/7/2024,482,40,Digital Wallet,None,187,27,0
312,C6596,R2994,1/19/2024,1/19/2024,1979,30,Credit Card,None,170,25,0
313,C6801,R2401,2/7/2024,2/7/2024,1499,30,Credit Card,15% New User,125,42,0
314,C3806,R2442,2/2/2024,2/2/2024,1594,50,Digital Wallet,50 off Promo,141,38,0
315,C1537,R2489,1/7/2024,1/7/2024,889,20,Digital Wallet,10%,119,48,0
316,C6986,R2614,1/14/2024,1/14/2024,1765,30,Digital Wallet,50 off Promo,197,19,50
317,C2841,R2272,1/25/2024,1/25/2024,130,40,Credit Card,15% New User,182,18,0
318,C9716,R2525,1/3/2024,1/3/2024,1498,30,Digital Wallet,None,72,40,0
319,C7971,R2158,1/14/2024,1/15/2024,110,0,Digital Wallet,15% New User,186,37,50
320,C6625,R2151,1/9/2024,1/9/2024,1425,20,Cash on Delivery,5% on App,107,12,0
321,C3950,R2994,2/6/2024,2/6/2024,195,50,Cash on Delivery,5% on App,95,23,100
322,C8992,R2619,2/3/2024,2/3/2024,1313,0,Credit Card,50 off Promo,71,34,150
323,C5780,R2187,1/9/2024,1/9/2024,552,0,Cash on Delivery,50 off Promo,57,24,0
324,C3368,R2812,1/24/2024,1/24/2024,291,20,Cash on Delivery,10%,172,11,100
325,C7655,R2097,1/7/2024,1/7/2024,585,50,Cash on Delivery,10%,69,33,0
326,C9173,R2130,2/4/2024,2/4/2024,1389,40,Credit Card,5% on App,127,23,50
327,C5495,R2804,1/19/2024,1/19/2024,1547,50,Cash on Delivery,None,88,16,0
328,C7002,R2170,1/3/2024,1/4/2024,1251,30,Credit Card,15% New User,86,45,0
329,C7614,R2935,1/2/2024,1/2/2024,337,0,Digital Wallet,10%,124,33,0
330,C6919,R2985,1/17/2024,1/17/2024,1478,30,Cash on Delivery,10%,167,36,0
331,C1853,R2182,1/24/2024,1/24/2024,1235,40,Credit Card,None,153,46,0
332,C5146,R2982,1/24/2024,1/24/2024,1951,30,Cash on Delivery,None,80,47,0
333,C4769,R2363,1/3/2024,1/3/2024,1569,50,Digital Wallet,50 off Promo,172,39,150
334,C1574,R2038,1/10/2024,1/10/2024,1466,30,Credit Card,15% New User,103,36,0
335,C2148,R2526,1/3/2024,1/3/2024,1268,40,Credit Card,None,83,48,50
336,C7293,R2887,1/14/2024,1/14/2024,1188,40,Credit Card,10%,171,24,0
337,C7457,R2496,1/24/2024,1/24/2024,1370,40,Digital Wallet,10%,162,35,0
338,C8509,R2515,1/18/2024,1/18/2024,834,50,Digital Wallet,5% on App,111,10,0
339,C5777,R2348,1/30/2024,1/30/2024,1090,40,Digital Wallet,None,72,13,0
340,C4854,R2981,2/3/2024,2/3/2024,1613,0,Credit Card,50 off Promo,95,38,0
341,C3491,R2920,2/5/2024,2/5/2024,924,40,Digital Wallet,15% New User,105,10,0
342,C4124,R2396,1/16/2024,1/16/2024,1562,30,Cash on Delivery,50 off Promo,184,31,0
343,C6691,R2721,1/14/2024,1/14/2024,205,30,Digital Wallet,10%,167,20,0
344,C4051,R2160,1/13/2024,1/13/2024,280,30,Credit Card,50 off Promo,180,19,0
345,C1004,R2015,2/5/2024,2/6/2024,283,50,Cash on Delivery,10%,162,26,0
346,C6222,R2492,1/9/2024,1/9/2024,325,30,Digital Wallet,10%,93,45,100
347,C6315,R2425,1/16/2024,1/16/2024,876,50,Cash on Delivery,10%,177,35,0
348,C5869,R2107,1/13/2024,1/13/2024,889,50,Cash on Delivery,10%,157,30,100
349,C1876,R2893,2/4/2024,2/4/2024,1212,40,Credit Card,10%,66,22,100
350,C8027,R2449,2/7/2024,2/7/2024,787,0,Cash on Delivery,5% on App,108,18,0
351,C5142,R2310,2/1/2024,2/1/2024,629,40,Cash on Delivery,50 off Promo,187,20,0
352,C7966,R2738,1/3/2024,1/3/2024,1494,40,Credit Card,5% on App,148,20,0
353,C8079,R2169,1/23/2024,1/23/2024,1071,50,Credit Card,5% on App,133,15,100
354,C8987,R2545,1/7/2024,1/7/2024,1035,50,Credit Card,None,195,10,50
355,C7799,R2413,2/7/2024,2/7/2024,1522,30,Cash on Delivery,None,94,15,0
356,C5465,R2250,1/5/2024,1/5/2024,205,30,Cash on Delivery,None,157,22,0
357,C1635,R2758,1/26/2024,1/26/2024,1394,40,Cash on Delivery,15% New User,111,31,0
358,C2693,R2780,1/5/2024,1/5/2024,930,20,Credit Card,None,108,40,0
359,C5752,R2140,1/2/2024,1/2/2024,1626,20,Digital Wallet,50 off Promo,187,31,0
360,C9311,R2273,1/26/2024,1/26/2024,778,30,Cash on Delivery,5% on App,60,46,0
361,C1830,R2415,1/12/2024,1/12/2024,1648,20,Digital Wallet,50 off Promo,151,36,0
362,C6177,R2607,2/2/2024,2/2/2024,948,30,Credit Card,None,119,23,0
363,C9932,R2738,1/28/2024,1/28/2024,1155,50,Cash on Delivery,15% New User,172,14,150
364,C9308,R2890,1/30/2024,1/30/2024,492,40,Digital Wallet,15% New User,83,45,0
365,C6949,R2038,1/16/2024,1/16/2024,139,0,Cash on Delivery,5% on App,150,41,0
366,C3838,R2813,1/26/2024,1/26/2024,759,40,Cash on Delivery,50 off Promo,194,43,100
367,C2150,R2028,2/1/2024,2/1/2024,1341,30,Cash on Delivery,10%,153,16,50
368,C8560,R2957,1/10/2024,1/10/2024,1854,30,Digital Wallet,50 off Promo,89,19,50
369,C2931,R2476,1/2/2024,1/2/2024,1080,40,Credit Card,None,68,26,0
370,C2664,R2317,1/25/2024,1/25/2024,1205,30,Cash on Delivery,10%,116,39,0
371,C2081,R2244,1/23/2024,1/23/2024,944,20,Credit Card,15% New User,131,30,0
372,C1512,R2747,2/6/2024,2/6/2024,1843,20,Credit Card,5% on App,113,22,0
373,C8805,R2696,1/18/2024,1/18/2024,300,30,Digital Wallet,5% on App,132,10,0
374,C6237,R2271,1/6/2024,1/6/2024,546,30,Digital Wallet,15% New User,96,10,100
375,C1559,R2439,1/27/2024,1/27/2024,1967,20,Credit Card,None,55,42,150
376,C4672,R2747,1/29/2024,1/29/2024,1551,30,Cash on Delivery,15% New User,65,47,0
377,C8404,R2238,1/28/2024,1/28/2024,1161,30,Digital Wallet,None,195,34,0
378,C4343,R2376,2/5/2024,2/5/2024,1334,40,Cash on Delivery,10%,88,35,0
379,C5070,R2265,2/1/2024,2/1/2024,543,0,Cash on Delivery,15% New User,162,22,100
380,C1580,R2925,1/9/2024,1/9/2024,1450,20,Cash on Delivery,None,189,37,0
381,C8004,R2920,1/19/2024,1/19/2024,860,40,Credit Card,10%,187,42,100
382,C9130,R2358,1/10/2024,1/10/2024,326,0,Cash on Delivery,15% New User,120,46,0
383,C4147,R2339,1/4/2024,1/4/2024,147,30,Credit Card,5% on App,159,50,0
384,C5249,R2388,1/18/2024,1/19/2024,1141,30,Credit Card,15% New User,104,39,0
385,C2679,R2576,1/28/2024,1/28/2024,1011,40,Cash on Delivery,50 off Promo,178,17,0
386,C4506,R2989,1/29/2024,1/29/2024,1562,30,Cash on Delivery,15% New User,98,10,0
387,C8253,R2688,1/20/2024,1/20/2024,1930,50,Cash on Delivery,50 off Promo,70,21,0
388,C3744,R2002,1/30/2024,1/30/2024,1831,40,Cash on Delivery,10%,86,14,150
389,C6188,R2428,2/6/2024,2/6/2024,286,0,Credit Card,15% New User,165,33,0
390,C3141,R2141,1/25/2024,1/25/2024,444,40,Cash on Delivery,10%,73,15,50
391,C7617,R2375,1/10/2024,1/10/2024,323,20,Cash on Delivery,10%,104,34,0
392,C3479,R2669,1/28/2024,1/28/2024,929,40,Credit Card,None,74,10,50
393,C7484,R2323,2/6/2024,2/6/2024,587,30,Digital Wallet,10%,184,34,50
394,C8421,R2145,1/28/2024,1/28/2024,976,30,Digital Wallet,10%,176,10,0
395,C5452,R2957,2/3/2024,2/3/2024,948,50,Credit Card,15% New User,142,41,0
396,C6881,R2292,1/15/2024,1/15/2024,1352,50,Digital Wallet,15% New User,143,12,0
397,C7665,R2664,1/9/2024,1/9/2024,1513,50,Credit Card,5% on App,120,28,0
398,C3849,R2431,1/26/2024,1/26/2024,1078,0,Cash on Delivery,None,171,38,0
399,C8390,R2704,1/16/2024,1/16/2024,1712,50,Cash on Delivery,10%,73,11,0
400,C7905,R2948,1/13/2024,1/13/2024,1116,0,Digital Wallet,None,60,18,50
401,C3489,R2974,1/4/2024,1/4/2024,287,50,Cash on Delivery,50 off Promo,122,26,0
402,C5611,R2584,1/27/2024,1/27/2024,1981,0,Digital Wallet,10%,61,45,0
403,C3839,R2398,1/14/2024,1/14/2024,369,40,Digital Wallet,None,84,26,0
404,C9527,R2816,1/21/2024,1/21/2024,1730,40,Cash on Delivery,5% on App,190,21,0
405,C6878,R2888,2/4/2024,2/4/2024,409,30,Cash on Delivery,5% on App,72,29,0
406,C7303,R2343,1/14/2024,1/14/2024,1255,0,Digital Wallet,10%,132,12,0
407,C1851,R2963,2/4/2024,2/4/2024,1674,20,Cash on Delivery,50 off Promo,137,13,150
408,C2687,R2139,1/27/2024,1/27/2024,1195,30,Credit Card,5% on App,129,26,0
409,C7833,R2186,1/4/2024,1/4/2024,1916,40,Cash on Delivery,5% on App,146,46,0
410,C3427,R2804,1/25/2024,1/25/2024,944,0,Cash on Delivery,50 off Promo,189,24,0
411,C5000,R2060,1/15/2024,1/15/2024,1795,50,Credit Card,None,83,42,50
412,C6052,R2996,1/13/2024,1/13/2024,1310,20,Cash on Delivery,5% on App,124,25,0
413,C3738,R2938,1/3/2024,1/3/2024,585,40,Cash on Delivery,15% New User,177,20,150
414,C6732,R2379,1/25/2024,1/25/2024,1314,30,Digital Wallet,5% on App,190,29,0
415,C6387,R2709,1/12/2024,1/12/2024,1545,0,Cash on Delivery,None,80,47,0
416,C9002,R2806,2/2/2024,2/2/2024,219,20,Cash on Delivery,None,179,33,0
417,C6536,R2439,1/23/2024,1/23/2024,319,0,Credit Card,10%,152,25,0
418,C4913,R2318,1/8/2024,1/8/2024,152,50,Digital Wallet,15% New User,64,39,100
419,C2066,R2301,1/27/2024,1/27/2024,1857,30,Digital Wallet,None,106,43,0
420,C8723,R2343,1/11/2024,1/11/2024,1574,0,Digital Wallet,50 off Promo,124,10,0
421,C5380,R2010,1/13/2024,1/13/2024,1535,40,Cash on Delivery,15% New User,83,33,150
422,C5107,R2061,1/20/2024,1/20/2024,1766,30,Digital Wallet,15% New User,152,33,0
423,C6726,R2844,1/22/2024,1/22/2024,1360,40,Credit Card,50 off Promo,124,18,0
424,C4373,R2225,2/7/2024,2/7/2024,857,0,Digital Wallet,5% on App,78,31,100
425,C9945,R2152,1/5/2024,1/5/2024,837,30,Credit Card,50 off Promo,65,21,0
426,C3082,R2710,1/1/2024,1/1/2024,819,40,Digital Wallet,50 off Promo,126,26,0
427,C9967,R2563,1/7/2024,1/7/2024,505,50,Digital Wallet,5% on App,86,34,50
428,C7748,R2771,2/6/2024,2/6/2024,707,50,Credit Card,5% on App,130,37,0
429,C1417,R2570,1/31/2024,1/31/2024,1120,0,Digital Wallet,5% on App,198,24,100
430,C9306,R2583,1/2/2024,1/2/2024,521,30,Digital Wallet,5% on App,173,39,0
431,C9808,R2659,1/23/2024,1/24/2024,811,20,Digital Wallet,5% on App,68,36,100
432,C4974,R2860,1/20/2024,1/20/2024,346,30,Cash on Delivery,50 off Promo,151,31,100
433,C4267,R2574,1/21/2024,1/21/2024,171,50,Credit Card,10%,185,19,50
434,C1825,R2309,2/7/2024,2/7/2024,1953,40,Digital Wallet,10%,126,40,0
435,C8668,R2884,1/3/2024,1/3/2024,284,20,Credit Card,None,90,36,150
436,C6745,R2242,2/6/2024,2/6/2024,105,0,Credit Card,10%,110,21,0
437,C1412,R2492,1/31/2024,1/31/2024,1329,20,Credit Card,10%,75,40,50
438,C8543,R2365,1/22/2024,1/22/2024,1667,0,Digital Wallet,50 off Promo,120,41,0
439,C8587,R2329,1/5/2024,1/5/2024,1734,20,Digital Wallet,5% on App,152,41,0
440,C1728,R2106,1/5/2024,1/5/2024,1005,0,Credit Card,5% on App,119,50,50
441,C8164,R2225,1/25/2024,1/25/2024,486,0,Cash on Delivery,50 off Promo,156,44,0
442,C9867,R2824,1/21/2024,1/21/2024,1891,20,Credit Card,10%,156,30,0
443,C6988,R2217,1/1/2024,1/1/2024,798,20,Cash on Delivery,50 off Promo,152,19,0
444,C3504,R2936,1/1/2024,1/1/2024,1199,0,Credit Card,None,68,25,0
445,C3967,R2752,1/15/2024,1/15/2024,1300,50,Credit Card,5% on App,117,16,0
446,C3786,R2505,1/3/2024,1/3/2024,926,20,Credit Card,15% New User,119,13,100
447,C2122,R2258,2/1/2024,2/1/2024,1922,30,Digital Wallet,None,162,36,0
448,C5079,R2887,1/23/2024,1/23/2024,448,40,Cash on Delivery,None,106,34,0
449,C2571,R2773,1/8/2024,1/8/2024,1378,0,Cash on Delivery,50 off Promo,110,40,0
450,C6073,R2516,1/19/2024,1/19/2024,1960,0,Credit Card,10%,141,20,0
451,C6104,R2772,1/9/2024,1/9/2024,1825,40,Digital Wallet,5% on App,79,29,0
452,C3143,R2053,1/21/2024,1/21/2024,407,50,Digital Wallet,15% New User,176,45,100
453,C7806,R2046,1/25/2024,1/26/2024,1468,40,Cash on Delivery,None,164,26,150
454,C8357,R2726,1/9/2024,1/9/2024,1250,20,Digital Wallet,15% New User,55,20,0
455,C4440,R2688,2/4/2024,2/4/2024,386,40,Cash on Delivery,10%,67,39,0
456,C4766,R2520,1/8/2024,1/8/2024,865,0,Cash on Delivery,10%,59,44,0
457,C6644,R2098,2/3/2024,2/3/2024,824,40,Cash on Delivery,15% New User,141,50,100
458,C3914,R2019,1/4/2024,1/4/2024,861,30,Digital Wallet,5% on App,188,47,0
459,C5968,R2889,1/2/2024,1/2/2024,1719,20,Cash on Delivery,10%,126,31,0
460,C6917,R2752,2/6/2024,2/6/2024,1610,40,Cash on Delivery,15% New User,150,36,150
461,C9787,R2572,1/24/2024,1/24/2024,482,0,Credit Card,None,133,46,100
462,C1728,R2890,1/3/2024,1/3/2024,1529,20,Cash on Delivery,15% New User,101,44,100
463,C2365,R2489,1/13/2024,1/13/2024,487,0,Cash on Delivery,15% New User,80,13,50
464,C5492,R2418,2/5/2024,2/5/2024,624,50,Credit Card,50 off Promo,194,25,0
465,C1698,R2689,1/13/2024,1/14/2024,1680,30,Credit Card,10%,159,25,150
466,C8186,R2849,2/2/2024,2/2/2024,738,50,Digital Wallet,5% on App,142,30,0
467,C1395,R2061,1/4/2024,1/4/2024,1037,30,Cash on Delivery,5% on App,102,35,0
468,C8400,R2144,1/19/2024,1/19/2024,1749,40,Digital Wallet,50 off Promo,194,45,100
469,C9082,R2215,1/14/2024,1/14/2024,375,20,Digital Wallet,5% on App,135,28,0
470,C5171,R2002,2/1/2024,2/1/2024,599,40,Credit Card,15% New User,51,26,50
471,C5360,R2159,1/22/2024,1/22/2024,816,30,Digital Wallet,50 off Promo,135,35,100
472,C3502,R2738,2/3/2024,2/3/2024,436,30,Cash on Delivery,None,182,31,0
473,C1717,R2997,1/24/2024,1/24/2024,1031,30,Credit Card,10%,53,37,0
474,C3782,R2780,1/31/2024,1/31/2024,580,0,Cash on Delivery,10%,55,10,100
475,C5946,R2119,1/20/2024,1/20/2024,1010,20,Cash on Delivery,10%,198,45,0
476,C6486,R2892,1/15/2024,1/15/2024,1396,40,Credit Card,15% New User,167,46,0
477,C9335,R2088,1/2/2024,1/2/2024,1181,40,Cash on Delivery,None,138,11,100
478,C5980,R2328,1/18/2024,1/18/2024,1451,50,Credit Card,50 off Promo,63,26,0
479,C8266,R2579,1/6/2024,1/6/2024,1854,30,Cash on Delivery,50 off Promo,105,49,150
480,C5491,R2909,1/11/2024,1/11/2024,208,30,Credit Card,10%,130,47,100
481,C8192,R2356,2/4/2024,2/4/2024,1402,30,Digital Wallet,None,198,30,0
482,C6588,R2609,2/4/2024,2/4/2024,1809,40,Cash on Delivery,None,95,18,0
483,C8651,R2266,1/13/2024,1/13/2024,427,50,Credit Card,None,193,22,0
484,C4636,R2616,2/6/2024,2/6/2024,1899,0,Cash on Delivery,5% on App,65,20,0
485,C2167,R2951,1/27/2024,1/27/2024,414,20,Cash on Delivery,5% on App,169,25,0
486,C2062,R2322,1/9/2024,1/9/2024,1597,0,Cash on Delivery,10%,133,25,0
487,C3156,R2634,1/12/2024,1/12/2024,1234,40,Credit Card,None,57,11,50
488,C8860,R2987,1/2/2024,1/2/2024,798,30,Digital Wallet,None,137,17,0
489,C6161,R2540,1/8/2024,1/8/2024,880,20,Digital Wallet,50 off Promo,180,22,0
490,C6305,R2648,1/31/2024,1/31/2024,1352,40,Digital Wallet,50 off Promo,68,26,50
491,C7541,R2194,2/2/2024,2/2/2024,1620,40,Credit Card,10%,146,48,0
492,C5729,R2920,1/12/2024,1/12/2024,255,40,Digital Wallet,None,115,33,0
493,C8330,R2737,1/1/2024,1/1/2024,1596,20,Credit Card,10%,128,12,0
494,C6334,R2331,1/15/2024,1/15/2024,1824,20,Cash on Delivery,50 off Promo,135,39,0
495,C9924,R2169,1/18/2024,1/18/2024,1395,50,Cash on Delivery,50 off Promo,173,22,150
496,C5330,R2520,2/3/2024,2/3/2024,986,50,Digital Wallet,5% on App,199,28,0
497,C9010,R2462,2/4/2024,2/4/2024,1125,0,Credit Card,10%,95,16,50
498,C7801,R2039,1/21/2024,1/22/2024,857,20,Cash on Delivery,10%,162,18,0
499,C5846,R2536,1/13/2024,1/13/2024,821,20,Credit Card,None,140,28,50
500,C7731,R2260,1/20/2024,1/20/2024,1634,20,Credit Card,None,190,49,150
501,C8241,R2394,1/7/2024,1/7/2024,1012,50,Cash on Delivery,5% on App,82,31,100
502,C1953,R2954,1/12/2024,1/12/2024,1409,40,Credit Card,15% New User,182,27,50
503,C3539,R2225,2/4/2024,2/4/2024,970,30,Cash on Delivery,15% New User,126,32,0
504,C8056,R2983,1/18/2024,1/18/2024,112,50,Cash on Delivery,15% New User,170,11,0
505,C2542,R2123,1/1/2024,1/1/2024,707,20,Cash on Delivery,10%,177,20,0
506,C6293,R2974,1/27/2024,1/27/2024,597,50,Credit Card,10%,127,40,50
507,C2191,R2037,1/15/2024,1/15/2024,1856,0,Cash on Delivery,50 off Promo,116,42,0
508,C7313,R2327,1/15/2024,1/15/2024,337,20,Credit Card,10%,164,23,0
509,C7938,R2250,1/7/2024,1/7/2024,1217,0,Cash on Delivery,10%,112,25,0
510,C3681,R2900,1/3/2024,1/3/2024,1461,20,Cash on Delivery,10%,162,20,0
511,C2540,R2175,1/21/2024,1/21/2024,880,50,Digital Wallet,5% on App,143,42,0
512,C7172,R2601,1/10/2024,1/10/2024,1294,40,Digital Wallet,10%,97,16,0
513,C6541,R2913,1/11/2024,1/11/2024,705,30,Digital Wallet,None,61,40,0
514,C2365,R2453,1/17/2024,1/17/2024,760,0,Credit Card,None,194,23,150
515,C9691,R2036,1/11/2024,1/11/2024,1747,50,Credit Card,50 off Promo,89,37,0
516,C9702,R2315,1/6/2024,1/6/2024,1690,40,Cash on Delivery,5% on App,134,25,50
517,C8494,R2687,1/23/2024,1/23/2024,948,50,Cash on Delivery,None,106,28,0
518,C5312,R2972,1/1/2024,1/1/2024,1035,0,Cash on Delivery,5% on App,136,26,150
519,C2324,R2795,1/27/2024,1/27/2024,1590,30,Cash on Delivery,5% on App,133,35,100
520,C4141,R2964,2/2/2024,2/2/2024,727,50,Credit Card,50 off Promo,170,15,100
521,C8419,R2972,2/5/2024,2/5/2024,242,20,Cash on Delivery,5% on App,123,18,100
522,C4486,R2592,1/25/2024,1/25/2024,1324,40,Cash on Delivery,10%,156,26,0
523,C2810,R2113,1/19/2024,1/19/2024,1303,50,Digital Wallet,5% on App,173,40,100
524,C7588,R2039,1/28/2024,1/28/2024,813,40,Cash on Delivery,50 off Promo,149,21,0
525,C3923,R2300,1/12/2024,1/12/2024,1487,20,Cash on Delivery,50 off Promo,92,32,0
526,C6301,R2223,2/6/2024,2/6/2024,578,30,Cash on Delivery,50 off Promo,168,14,0
527,C5186,R2317,1/18/2024,1/18/2024,664,30,Credit Card,None,72,45,100
528,C9905,R2348,1/9/2024,1/9/2024,570,20,Digital Wallet,10%,86,45,0
529,C6977,R2114,1/18/2024,1/18/2024,483,40,Cash on Delivery,None,183,12,150
530,C5268,R2697,2/4/2024,2/4/2024,1815,50,Cash on Delivery,15% New User,114,33,0
531,C5748,R2322,1/24/2024,1/24/2024,1025,20,Digital Wallet,10%,183,26,150
532,C5849,R2567,1/14/2024,1/15/2024,516,0,Cash on Delivery,5% on App,71,48,50
533,C4709,R2039,2/2/2024,2/2/2024,1948,40,Credit Card,50 off Promo,154,35,150
534,C7619,R2865,2/6/2024,2/6/2024,407,30,Cash on Delivery,15% New User,137,13,0
535,C9647,R2039,2/2/2024,2/2/2024,748,20,Credit Card,10%,174,21,0
536,C4072,R2858,1/21/2024,1/21/2024,1817,30,Credit Card,None,128,10,0
537,C7530,R2972,1/15/2024,1/15/2024,1490,40,Cash on Delivery,50 off Promo,139,30,0
538,C1504,R2748,1/24/2024,1/24/2024,1124,30,Digital Wallet,None,100,28,150
539,C2214,R2288,1/27/2024,1/27/2024,1167,20,Credit Card,10%,151,30,0
540,C2531,R2261,2/6/2024,2/6/2024,838,40,Digital Wallet,10%,155,27,0
541,C8576,R2215,1/23/2024,1/23/2024,1966,0,Cash on Delivery,15% New User,109,12,0
542,C1823,R2146,1/2/2024,1/2/2024,1221,20,Credit Card,5% on App,95,41,0
543,C1928,R2335,2/7/2024,2/7/2024,1843,50,Cash on Delivery,None,85,19,100
544,C6029,R2167,1/11/2024,1/11/2024,1388,20,Digital Wallet,15% New User,60,49,0
545,C1133,R2091,2/1/2024,2/1/2024,1923,40,Cash on Delivery,50 off Promo,61,24,0
546,C3105,R2352,1/19/2024,1/19/2024,1906,20,Cash on Delivery,5% on App,88,14,0
547,C4627,R2570,1/30/2024,1/31/2024,239,0,Credit Card,15% New User,188,13,150
548,C7316,R2570,1/19/2024,1/19/2024,1604,0,Cash on Delivery,None,85,37,150
549,C2852,R2815,1/25/2024,1/25/2024,1360,50,Cash on Delivery,10%,101,13,0
550,C5910,R2680,1/12/2024,1/12/2024,1073,30,Cash on Delivery,50 off Promo,80,24,0
551,C5175,R2780,1/5/2024,1/6/2024,1116,40,Credit Card,None,82,26,0
552,C6348,R2362,1/30/2024,1/30/2024,1052,40,Digital Wallet,5% on App,190,12,50
553,C7190,R2556,1/23/2024,1/23/2024,1003,30,Digital Wallet,5% on App,195,19,0
554,C2256,R2344,2/3/2024,2/3/2024,171,0,Cash on Delivery,10%,107,32,50
555,C4376,R2692,1/18/2024,1/18/2024,1790,0,Credit Card,10%,177,27,0
556,C6645,R2169,1/16/2024,1/16/2024,1313,20,Cash on Delivery,50 off Promo,80,10,0
557,C4486,R2355,2/4/2024,2/4/2024,1391,50,Digital Wallet,50 off Promo,104,44,0
558,C4584,R2190,1/6/2024,1/6/2024,1444,50,Credit Card,10%,59,40,0
559,C9053,R2666,1/25/2024,1/25/2024,206,50,Digital Wallet,10%,179,10,0
560,C4330,R2421,1/29/2024,1/29/2024,1355,20,Digital Wallet,5% on App,64,12,0
561,C3703,R2699,2/7/2024,2/7/2024,1165,50,Credit Card,10%,52,12,150
562,C9662,R2006,1/15/2024,1/15/2024,1825,30,Credit Card,15% New User,92,46,0
563,C9120,R2132,2/5/2024,2/5/2024,982,20,Cash on Delivery,None,116,28,0
564,C8114,R2746,1/29/2024,1/29/2024,238,30,Cash on Delivery,10%,105,38,0
565,C2353,R2556,1/6/2024,1/6/2024,714,20,Digital Wallet,50 off Promo,112,34,100
566,C6063,R2825,1/4/2024,1/4/2024,1806,50,Credit Card,15% New User,64,42,0
567,C9549,R2760,1/10/2024,1/10/2024,962,30,Credit Card,50 off Promo,158,45,0
568,C8575,R2030,1/20/2024,1/20/2024,372,30,Cash on Delivery,15% New User,165,38,0
569,C1667,R2534,1/7/2024,1/7/2024,1604,30,Digital Wallet,10%,141,35,0
570,C5468,R2425,1/11/2024,1/11/2024,515,20,Digital Wallet,None,187,13,50
571,C7819,R2393,1/18/2024,1/18/2024,605,40,Cash on Delivery,50 off Promo,96,23,0
572,C4719,R2671,2/7/2024,2/7/2024,832,50,Credit Card,15% New User,106,36,0
573,C3745,R2362,1/15/2024,1/15/2024,1848,30,Cash on Delivery,5% on App,99,42,0
574,C8483,R2436,1/27/2024,1/27/2024,1976,40,Cash on Delivery,10%,120,31,0
575,C1539,R2669,1/7/2024,1/7/2024,523,50,Cash on Delivery,None,192,12,0
576,C5964,R2550,1/1/2024,1/1/2024,1530,50,Cash on Delivery,10%,195,32,150
577,C5835,R2926,1/31/2024,1/31/2024,1691,30,Credit Card,5% on App,131,30,0
578,C4775,R2081,2/1/2024,2/1/2024,489,30,Cash on Delivery,None,165,50,0
579,C7042,R2355,1/15/2024,1/15/2024,441,20,Credit Card,5% on App,154,32,50
580,C8102,R2257,1/3/2024,1/3/2024,1045,40,Cash on Delivery,10%,137,13,0
581,C8312,R2717,1/6/2024,1/6/2024,713,40,Digital Wallet,15% New User,51,30,50
582,C6320,R2588,1/27/2024,1/27/2024,592,30,Credit Card,10%,153,46,150
583,C7132,R2988,1/16/2024,1/16/2024,291,50,Digital Wallet,10%,133,40,0
584,C8891,R2523,1/20/2024,1/20/2024,598,30,Cash on Delivery,10%,92,30,0
585,C3779,R2294,1/13/2024,1/13/2024,921,50,Cash on Delivery,50 off Promo,120,35,100
586,C1924,R2961,1/8/2024,1/8/2024,1835,50,Cash on Delivery,5% on App,143,50,0
587,C2581,R2223,1/18/2024,1/18/2024,1356,30,Credit Card,5% on App,91,44,0
588,C8714,R2524,1/13/2024,1/13/2024,326,0,Digital Wallet,5% on App,182,47,0
589,C4324,R2045,1/20/2024,1/21/2024,1494,40,Credit Card,50 off Promo,188,33,0
590,C6713,R2666,1/16/2024,1/16/2024,238,50,Credit Card,15% New User,114,20,0
591,C8026,R2112,1/20/2024,1/20/2024,955,50,Cash on Delivery,10%,83,50,100
592,C1255,R2232,1/15/2024,1/15/2024,916,0,Digital Wallet,15% New User,169,38,100
593,C5804,R2016,1/31/2024,1/31/2024,1272,20,Cash on Delivery,50 off Promo,50,12,0
594,C2838,R2359,2/7/2024,2/7/2024,1238,0,Credit Card,5% on App,179,10,0
595,C1009,R2222,1/9/2024,1/9/2024,1573,0,Cash on Delivery,10%,197,28,0
596,C3871,R2865,1/30/2024,1/30/2024,1186,50,Digital Wallet,None,110,31,0
597,C9989,R2699,2/1/2024,2/1/2024,203,40,Cash on Delivery,None,198,23,0
598,C8409,R2447,1/28/2024,1/28/2024,1974,0,Digital Wallet,15% New User,137,23,100
599,C8418,R2855,1/16/2024,1/16/2024,970,20,Digital Wallet,5% on App,117,25,0
600,C6124,R2364,1/18/2024,1/18/2024,767,30,Cash on Delivery,None,176,42,0
601,C2015,R2674,1/12/2024,1/12/2024,372,0,Credit Card,15% New User,189,22,0
602,C3193,R2325,1/6/2024,1/6/2024,1129,0,Cash on Delivery,50 off Promo,71,47,0
603,C9415,R2466,1/29/2024,1/30/2024,1270,20,Credit Card,15% New User,197,21,0
604,C8449,R2413,1/14/2024,1/14/2024,283,40,Credit Card,15% New User,131,47,150
605,C5158,R2454,1/16/2024,1/16/2024,1151,0,Cash on Delivery,15% New User,178,48,0
606,C4925,R2585,1/31/2024,1/31/2024,1673,0,Credit Card,10%,79,42,150
607,C7970,R2232,1/20/2024,1/20/2024,1242,40,Credit Card,15% New User,175,42,0
608,C7938,R2223,1/22/2024,1/22/2024,392,20,Cash on Delivery,15% New User,146,38,0
609,C5784,R2993,1/13/2024,1/13/2024,1494,0,Cash on Delivery,10%,73,14,0
610,C5000,R2830,2/1/2024,2/1/2024,1367,40,Cash on Delivery,10%,63,15,0
611,C2633,R2411,1/21/2024,1/21/2024,1703,0,Credit Card,50 off Promo,85,40,100
612,C8266,R2571,1/23/2024,1/23/2024,1849,30,Digital Wallet,5% on App,73,25,0
613,C9702,R2334,1/16/2024,1/16/2024,1341,50,Credit Card,None,144,40,100
614,C1384,R2221,1/3/2024,1/3/2024,276,30,Digital Wallet,None,104,34,0
615,C1404,R2036,1/18/2024,1/18/2024,1422,0,Cash on Delivery,15% New User,73,42,0
616,C9175,R2988,1/22/2024,1/22/2024,1799,20,Digital Wallet,50 off Promo,75,22,50
617,C3000,R2277,1/7/2024,1/7/2024,157,50,Cash on Delivery,15% New User,129,19,0
618,C6989,R2195,1/10/2024,1/10/2024,1392,30,Cash on Delivery,None,114,33,0
619,C2460,R2915,1/23/2024,1/24/2024,407,40,Digital Wallet,10%,124,19,100
620,C8190,R2863,1/9/2024,1/9/2024,1693,20,Cash on Delivery,5% on App,92,50,0
621,C8140,R2483,1/25/2024,1/25/2024,1411,30,Digital Wallet,50 off Promo,78,40,0
622,C4636,R2241,1/17/2024,1/17/2024,1076,40,Cash on Delivery,10%,130,22,0
623,C5809,R2323,1/13/2024,1/13/2024,1228,0,Credit Card,5% on App,103,12,0
624,C5178,R2730,1/30/2024,1/30/2024,1351,40,Credit Card,50 off Promo,88,43,0
625,C8245,R2191,1/25/2024,1/25/2024,1370,30,Cash on Delivery,50 off Promo,91,37,0
626,C7600,R2016,1/23/2024,1/23/2024,799,30,Cash on Delivery,None,78,28,100
627,C6997,R2523,2/1/2024,2/1/2024,1617,0,Digital Wallet,10%,180,32,0
628,C3048,R2917,1/15/2024,1/15/2024,182,40,Credit Card,50 off Promo,187,41,100
629,C5780,R2400,1/6/2024,1/6/2024,1309,40,Digital Wallet,50 off Promo,191,22,0
630,C1716,R2905,1/13/2024,1/13/2024,351,0,Cash on Delivery,5% on App,91,42,100
631,C8939,R2885,2/7/2024,2/8/2024,1478,40,Cash on Delivery,None,143,43,100
632,C6565,R2704,1/4/2024,1/4/2024,1873,0,Digital Wallet,15% New User,81,42,0
633,C5544,R2021,1/3/2024,1/3/2024,1995,20,Cash on Delivery,None,75,14,0
634,C5976,R2473,2/1/2024,2/1/2024,1819,30,Credit Card,15% New User,164,12,0
635,C4419,R2119,1/17/2024,1/17/2024,895,20,Digital Wallet,10%,178,16,0
636,C8239,R2209,1/7/2024,1/7/2024,996,50,Credit Card,10%,105,33,0
637,C1249,R2305,1/20/2024,1/20/2024,309,50,Credit Card,50 off Promo,171,31,100
638,C9865,R2269,1/27/2024,1/27/2024,915,50,Credit Card,10%,155,32,0
639,C1770,R2703,1/24/2024,1/25/2024,1931,0,Digital Wallet,50 off Promo,179,39,50
640,C5363,R2686,1/17/2024,1/17/2024,708,40,Cash on Delivery,None,130,27,100
641,C2077,R2284,1/9/2024,1/9/2024,546,20,Credit Card,10%,169,41,150
642,C9427,R2715,1/31/2024,1/31/2024,559,20,Credit Card,None,101,16,150
643,C9580,R2675,1/30/2024,1/30/2024,1067,20,Credit Card,None,140,42,0
644,C8901,R2762,1/20/2024,1/21/2024,571,20,Cash on Delivery,10%,186,14,150
645,C5858,R2226,2/2/2024,2/2/2024,1843,50,Cash on Delivery,None,71,37,0
646,C7544,R2947,2/5/2024,2/5/2024,469,20,Digital Wallet,10%,83,17,0
647,C5719,R2380,1/13/2024,1/13/2024,999,40,Cash on Delivery,10%,159,24,0
648,C3814,R2459,1/22/2024,1/22/2024,1615,50,Digital Wallet,10%,98,13,0
649,C4374,R2006,1/31/2024,2/1/2024,1022,20,Digital Wallet,15% New User,178,43,0
650,C2252,R2028,2/7/2024,2/7/2024,236,0,Digital Wallet,None,122,14,50
651,C7996,R2906,1/12/2024,1/12/2024,466,30,Digital Wallet,5% on App,133,42,0
652,C5673,R2032,1/7/2024,1/7/2024,1011,30,Digital Wallet,10%,102,14,150
653,C5530,R2645,1/26/2024,1/26/2024,283,30,Credit Card,None,149,47,0
654,C7881,R2878,1/27/2024,1/27/2024,1711,50,Cash on Delivery,50 off Promo,173,43,0
655,C7949,R2078,2/2/2024,2/2/2024,1410,20,Credit Card,10%,94,35,0
656,C7241,R2927,1/6/2024,1/6/2024,571,50,Digital Wallet,10%,186,10,0
657,C9017,R2946,1/26/2024,1/26/2024,1498,40,Cash on Delivery,5% on App,154,13,0
658,C7941,R2458,1/19/2024,1/19/2024,753,0,Credit Card,15% New User,199,48,0
659,C8002,R2569,1/20/2024,1/20/2024,848,0,Credit Card,15% New User,195,35,0
660,C2331,R2982,1/21/2024,1/21/2024,636,30,Digital Wallet,10%,155,42,0
661,C5261,R2537,1/23/2024,1/23/2024,1634,30,Credit Card,None,92,42,0
662,C8648,R2481,1/11/2024,1/11/2024,901,30,Credit Card,50 off Promo,183,17,0
663,C6115,R2429,2/5/2024,2/5/2024,1702,20,Credit Card,50 off Promo,97,29,0
664,C5637,R2737,1/2/2024,1/2/2024,1373,40,Credit Card,None,175,25,0
665,C5854,R2284,2/1/2024,2/1/2024,1019,40,Credit Card,10%,56,30,0
666,C4177,R2515,1/19/2024,1/19/2024,609,40,Digital Wallet,50 off Promo,65,35,0
667,C8730,R2976,1/5/2024,1/5/2024,729,40,Digital Wallet,15% New User,178,32,0
668,C3180,R2098,1/3/2024,1/3/2024,1101,30,Credit Card,None,164,27,0
669,C5892,R2396,1/12/2024,1/12/2024,1196,0,Digital Wallet,5% on App,86,40,0
670,C8043,R2488,1/12/2024,1/12/2024,1405,30,Digital Wallet,10%,174,21,0
671,C1137,R2038,2/1/2024,2/1/2024,1015,40,Cash on Delivery,None,130,10,0
672,C7327,R2270,2/1/2024,2/1/2024,1483,30,Credit Card,50 off Promo,111,18,0
673,C4472,R2886,1/18/2024,1/18/2024,1133,40,Digital Wallet,10%,121,12,0
674,C6449,R2796,1/14/2024,1/15/2024,1334,50,Digital Wallet,15% New User,174,35,0
675,C3832,R2156,1/2/2024,1/2/2024,1958,0,Credit Card,10%,115,18,100
676,C4579,R2074,2/6/2024,2/6/2024,251,50,Cash on Delivery,10%,79,25,0
677,C6971,R2883,1/8/2024,1/8/2024,1128,20,Credit Card,15% New User,69,33,0
678,C5164,R2799,1/23/2024,1/23/2024,1318,30,Cash on Delivery,15% New User,131,23,0
679,C8941,R2129,2/4/2024,2/4/2024,1406,20,Credit Card,10%,156,12,100
680,C6569,R2686,1/18/2024,1/18/2024,563,30,Credit Card,15% New User,181,43,0
681,C5300,R2973,1/20/2024,1/20/2024,1236,50,Credit Card,None,86,42,0
682,C7269,R2083,1/24/2024,1/24/2024,370,40,Credit Card,15% New User,181,33,0
683,C4818,R2021,1/22/2024,1/22/2024,1286,40,Cash on Delivery,15% New User,126,18,0
684,C2906,R2458,1/30/2024,1/30/2024,559,30,Cash on Delivery,10%,138,22,50
685,C7254,R2538,1/7/2024,1/8/2024,204,40,Digital Wallet,None,195,11,0
686,C1760,R2706,1/1/2024,1/1/2024,1816,50,Credit Card,5% on App,137,16,0
687,C8830,R2848,1/5/2024,1/5/2024,1679,40,Cash on Delivery,5% on App,82,30,0
688,C8350,R2381,1/24/2024,1/24/2024,1405,50,Cash on Delivery,50 off Promo,107,28,150
689,C7238,R2747,1/26/2024,1/27/2024,1810,20,Cash on Delivery,15% New User,77,34,100
690,C7090,R2439,1/13/2024,1/13/2024,261,50,Credit Card,15% New User,84,31,0
691,C7031,R2603,2/3/2024,2/3/2024,450,0,Digital Wallet,None,174,20,100
692,C8687,R2988,1/16/2024,1/16/2024,533,0,Cash on Delivery,5% on App,187,42,0
693,C9472,R2020,2/1/2024,2/1/2024,951,0,Credit Card,50 off Promo,114,41,0
694,C2887,R2302,1/21/2024,1/21/2024,239,30,Cash on Delivery,None,91,30,0
695,C4266,R2975,1/6/2024,1/6/2024,1594,30,Cash on Delivery,15% New User,134,48,50
696,C1666,R2868,1/18/2024,1/18/2024,1255,30,Digital Wallet,5% on App,186,29,0
697,C5188,R2954,1/31/2024,1/31/2024,186,50,Cash on Delivery,50 off Promo,160,17,0
698,C1671,R2083,2/2/2024,2/2/2024,1811,30,Cash on Delivery,10%,64,46,0
699,C7777,R2773,1/15/2024,1/15/2024,282,20,Credit Card,5% on App,118,18,100
700,C8570,R2658,1/27/2024,1/27/2024,467,0,Credit Card,50 off Promo,154,34,150
701,C8956,R2952,2/7/2024,2/7/2024,228,50,Digital Wallet,None,199,34,0
702,C6124,R2452,1/11/2024,1/11/2024,1369,0,Credit Card,10%,113,42,100
703,C6585,R2386,1/18/2024,1/18/2024,1724,30,Credit Card,50 off Promo,90,11,50
704,C5777,R2506,1/2/2024,1/2/2024,1701,50,Digital Wallet,50 off Promo,120,28,0
705,C4900,R2256,2/5/2024,2/5/2024,769,40,Cash on Delivery,15% New User,105,29,100
706,C7677,R2569,1/16/2024,1/16/2024,1501,20,Digital Wallet,5% on App,200,50,0
707,C7981,R2891,2/5/2024,2/5/2024,248,30,Credit Card,15% New User,74,38,0
708,C7376,R2933,1/12/2024,1/12/2024,1084,30,Digital Wallet,10%,154,15,0
709,C1523,R2526,2/4/2024,2/5/2024,951,20,Cash on Delivery,50 off Promo,183,26,50
710,C3393,R2161,1/24/2024,1/24/2024,1556,20,Digital Wallet,15% New User,168,34,0
711,C3593,R2956,2/3/2024,2/3/2024,727,40,Credit Card,5% on App,58,47,0
712,C8240,R2162,1/16/2024,1/16/2024,1849,30,Credit Card,10%,109,13,0
713,C7937,R2831,2/3/2024,2/3/2024,1592,30,Digital Wallet,None,174,39,50
714,C7190,R2792,1/20/2024,1/20/2024,545,0,Cash on Delivery,15% New User,98,29,0
715,C6240,R2791,1/19/2024,1/19/2024,1604,50,Digital Wallet,10%,100,12,0
716,C7493,R2523,1/2/2024,1/2/2024,983,50,Cash on Delivery,None,119,32,0
717,C3878,R2785,1/13/2024,1/13/2024,393,0,Cash on Delivery,15% New User,86,27,0
718,C5143,R2270,1/13/2024,1/13/2024,1888,50,Digital Wallet,10%,80,35,0
719,C4644,R2491,1/15/2024,1/15/2024,1266,20,Cash on Delivery,10%,111,45,0
720,C5432,R2207,1/12/2024,1/12/2024,349,50,Credit Card,15% New User,142,17,150
721,C2276,R2538,1/20/2024,1/20/2024,977,50,Digital Wallet,10%,63,26,100
722,C6811,R2583,1/9/2024,1/9/2024,1047,0,Cash on Delivery,50 off Promo,128,40,100
723,C1302,R2059,1/19/2024,1/19/2024,1074,40,Credit Card,15% New User,57,46,0
724,C1638,R2429,1/23/2024,1/23/2024,1425,50,Digital Wallet,10%,85,42,100
725,C1055,R2984,1/18/2024,1/18/2024,1148,50,Credit Card,None,97,36,0
726,C9717,R2656,1/1/2024,1/1/2024,888,40,Credit Card,None,134,13,0
727,C9150,R2604,1/15/2024,1/15/2024,1083,0,Credit Card,50 off Promo,77,31,0
728,C3125,R2308,1/5/2024,1/5/2024,988,40,Cash on Delivery,15% New User,100,35,0
729,C1364,R2519,1/1/2024,1/1/2024,989,0,Digital Wallet,10%,153,41,0
730,C7809,R2590,1/22/2024,1/22/2024,169,20,Digital Wallet,10%,150,33,0
731,C5621,R2026,1/15/2024,1/15/2024,724,0,Cash on Delivery,None,78,44,100
732,C6126,R2685,2/1/2024,2/1/2024,974,20,Digital Wallet,50 off Promo,176,46,0
733,C6122,R2561,1/30/2024,1/30/2024,1235,20,Credit Card,None,131,41,0
734,C2646,R2198,2/4/2024,2/4/2024,1487,0,Digital Wallet,None,59,16,0
735,C1918,R2386,1/18/2024,1/18/2024,1426,30,Cash on Delivery,50 off Promo,155,42,0
736,C3797,R2348,1/23/2024,1/23/2024,570,0,Credit Card,15% New User,50,40,0
737,C7506,R2959,1/29/2024,1/30/2024,190,50,Cash on Delivery,10%,88,21,50
738,C6870,R2939,1/21/2024,1/21/2024,629,50,Credit Card,15% New User,70,20,0
739,C2531,R2692,1/10/2024,1/11/2024,760,30,Credit Card,5% on App,114,33,100
740,C9172,R2535,1/11/2024,1/11/2024,838,20,Digital Wallet,5% on App,64,17,50
741,C4345,R2827,1/11/2024,1/11/2024,825,30,Credit Card,5% on App,181,41,0
742,C8673,R2377,1/1/2024,1/2/2024,971,50,Cash on Delivery,50 off Promo,110,47,0
743,C7949,R2898,1/16/2024,1/16/2024,1786,30,Digital Wallet,None,197,31,0
744,C7882,R2915,1/12/2024,1/12/2024,291,0,Cash on Delivery,15% New User,187,43,0
745,C2906,R2557,2/7/2024,2/7/2024,1675,30,Credit Card,10%,136,28,0
746,C4086,R2526,1/28/2024,1/28/2024,1365,20,Cash on Delivery,5% on App,154,29,0
747,C9152,R2152,1/26/2024,1/26/2024,237,0,Cash on Delivery,15% New User,83,23,0
748,C6750,R2733,1/26/2024,1/26/2024,444,40,Credit Card,5% on App,173,42,0
749,C9905,R2205,1/3/2024,1/3/2024,1303,50,Digital Wallet,5% on App,159,19,0
750,C2062,R2454,1/19/2024,1/19/2024,1108,50,Cash on Delivery,10%,82,25,0
751,C2976,R2272,1/31/2024,1/31/2024,1835,30,Credit Card,50 off Promo,147,13,100
752,C2296,R2893,1/4/2024,1/4/2024,602,0,Digital Wallet,None,110,36,150
753,C7229,R2235,1/15/2024,1/15/2024,302,40,Digital Wallet,50 off Promo,59,37,0
754,C8641,R2851,1/17/2024,1/17/2024,672,0,Digital Wallet,15% New User,133,25,100
755,C1125,R2739,1/8/2024,1/8/2024,291,50,Cash on Delivery,50 off Promo,114,42,100
756,C5632,R2520,1/18/2024,1/18/2024,104,0,Cash on Delivery,15% New User,126,28,0
757,C7288,R2677,1/29/2024,1/29/2024,1360,40,Cash on Delivery,15% New User,50,30,0
758,C4596,R2943,1/11/2024,1/11/2024,1816,30,Digital Wallet,None,182,31,100
759,C7168,R2955,1/8/2024,1/8/2024,410,20,Cash on Delivery,10%,129,18,0
760,C8561,R2830,1/10/2024,1/10/2024,648,0,Credit Card,None,64,18,0
761,C9258,R2725,1/4/2024,1/5/2024,155,20,Cash on Delivery,50 off Promo,77,18,0
762,C1232,R2500,1/8/2024,1/8/2024,542,50,Cash on Delivery,15% New User,72,36,50
763,C7371,R2116,2/3/2024,2/3/2024,1360,30,Digital Wallet,5% on App,158,26,150
764,C5206,R2385,2/5/2024,2/6/2024,969,30,Cash on Delivery,5% on App,156,17,100
765,C8943,R2343,1/6/2024,1/6/2024,1984,0,Credit Card,15% New User,194,25,150
766,C7891,R2583,1/13/2024,1/13/2024,1320,30,Digital Wallet,None,162,27,0
767,C7738,R2394,1/15/2024,1/15/2024,684,0,Credit Card,10%,147,42,0
768,C3472,R2063,1/25/2024,1/25/2024,1694,0,Digital Wallet,None,190,10,50
769,C3739,R2716,1/11/2024,1/11/2024,851,20,Digital Wallet,15% New User,191,21,0
770,C6401,R2720,1/21/2024,1/21/2024,1637,30,Cash on Delivery,15% New User,188,15,0
771,C2761,R2071,2/7/2024,2/7/2024,1572,0,Credit Card,10%,77,50,50
772,C1876,R2788,1/26/2024,1/26/2024,459,20,Digital Wallet,50 off Promo,91,14,0
773,C4812,R2273,2/6/2024,2/6/2024,1823,40,Cash on Delivery,50 off Promo,148,25,0
774,C2460,R2989,1/20/2024,1/20/2024,918,20,Digital Wallet,10%,110,27,0
775,C2733,R2319,1/4/2024,1/4/2024,129,20,Digital Wallet,50 off Promo,172,27,0
776,C2605,R2337,1/21/2024,1/21/2024,1902,0,Digital Wallet,5% on App,113,10,0
777,C6622,R2365,1/15/2024,1/15/2024,207,50,Digital Wallet,50 off Promo,80,28,0
778,C7767,R2494,1/31/2024,1/31/2024,943,50,Digital Wallet,50 off Promo,130,17,0
779,C7986,R2606,1/6/2024,1/6/2024,1725,50,Digital Wallet,50 off Promo,59,12,0
780,C4517,R2165,1/15/2024,1/15/2024,816,20,Cash on Delivery,5% on App,57,34,0
781,C4735,R2543,1/30/2024,1/30/2024,990,0,Digital Wallet,50 off Promo,198,14,0
782,C9434,R2010,1/19/2024,1/19/2024,1059,30,Credit Card,5% on App,108,49,0
783,C3590,R2300,1/17/2024,1/17/2024,1568,20,Cash on Delivery,10%,79,28,0
784,C2063,R2728,1/13/2024,1/13/2024,992,20,Credit Card,None,194,27,100
785,C5324,R2800,1/19/2024,1/19/2024,1561,0,Digital Wallet,10%,69,40,0
786,C6342,R2101,1/26/2024,1/26/2024,831,40,Credit Card,None,97,42,0
787,C1005,R2424,1/13/2024,1/13/2024,705,20,Digital Wallet,10%,179,27,0
788,C8489,R2391,1/28/2024,1/28/2024,556,40,Digital Wallet,None,86,48,0
789,C9659,R2778,1/31/2024,1/31/2024,714,40,Cash on Delivery,None,178,25,150
790,C9195,R2213,2/3/2024,2/3/2024,1858,50,Cash on Delivery,15% New User,181,25,0
791,C6966,R2690,1/23/2024,1/23/2024,797,0,Digital Wallet,None,149,47,0
792,C9837,R2087,1/29/2024,1/29/2024,1819,40,Cash on Delivery,None,103,50,0
793,C1117,R2552,1/11/2024,1/11/2024,1618,0,Credit Card,15% New User,171,16,50
794,C3551,R2400,1/21/2024,1/21/2024,773,50,Cash on Delivery,50 off Promo,74,23,100
795,C6560,R2587,1/1/2024,1/1/2024,1370,0,Cash on Delivery,50 off Promo,180,34,150
796,C5289,R2888,1/14/2024,1/14/2024,642,20,Credit Card,15% New User,58,41,150
797,C1846,R2045,1/2/2024,1/2/2024,1687,40,Cash on Delivery,5% on App,83,47,0
798,C7316,R2671,1/28/2024,1/28/2024,956,0,Digital Wallet,None,92,31,100
799,C7469,R2462,1/10/2024,1/10/2024,1711,30,Credit Card,None,123,25,0
800,C9915,R2591,1/19/2024,1/19/2024,996,0,Digital Wallet,15% New User,143,38,0
801,C1224,R2309,1/11/2024,1/11/2024,1562,40,Credit Card,15% New User,71,25,0
802,C5208,R2085,2/4/2024,2/4/2024,377,50,Digital Wallet,5% on App,119,21,0
803,C7283,R2091,1/31/2024,1/31/2024,651,50,Digital Wallet,50 off Promo,179,26,0
804,C3048,R2659,1/22/2024,1/22/2024,1736,40,Cash on Delivery,10%,143,46,0
805,C7233,R2672,1/27/2024,1/28/2024,210,20,Digital Wallet,50 off Promo,81,36,0
806,C2828,R2713,1/12/2024,1/12/2024,484,20,Cash on Delivery,None,155,34,150
807,C2917,R2935,1/30/2024,1/30/2024,1956,50,Credit Card,15% New User,193,22,0
808,C5234,R2927,1/25/2024,1/25/2024,860,50,Digital Wallet,5% on App,50,17,50
809,C7988,R2241,1/30/2024,1/30/2024,1314,40,Digital Wallet,50 off Promo,121,14,100
810,C3026,R2864,1/30/2024,1/30/2024,1613,20,Credit Card,5% on App,99,21,0
811,C4744,R2001,1/28/2024,1/28/2024,793,50,Credit Card,50 off Promo,190,50,0
812,C1009,R2224,1/28/2024,1/28/2024,1549,20,Digital Wallet,None,64,12,0
813,C1260,R2800,1/30/2024,1/30/2024,504,50,Credit Card,10%,102,44,150
814,C7038,R2744,1/7/2024,1/7/2024,1458,0,Cash on Delivery,5% on App,57,42,50
815,C3219,R2972,1/14/2024,1/14/2024,1332,30,Credit Card,5% on App,123,31,0
816,C8041,R2925,1/17/2024,1/17/2024,121,0,Credit Card,10%,95,18,0
817,C3060,R2928,1/19/2024,1/20/2024,777,50,Digital Wallet,5% on App,118,50,150
818,C6287,R2588,1/20/2024,1/20/2024,710,30,Cash on Delivery,5% on App,163,27,50
819,C2619,R2115,1/8/2024,1/9/2024,1331,30,Credit Card,50 off Promo,196,38,50
820,C9512,R2665,2/2/2024,2/2/2024,107,50,Cash on Delivery,50 off Promo,172,48,0
821,C2342,R2917,2/3/2024,2/3/2024,801,50,Cash on Delivery,10%,188,36,50
822,C3832,R2102,2/7/2024,2/7/2024,1810,20,Cash on Delivery,None,166,45,0
823,C3824,R2193,2/5/2024,2/5/2024,1908,50,Digital Wallet,5% on App,92,26,0
824,C2994,R2165,1/27/2024,1/27/2024,628,40,Credit Card,None,69,43,0
825,C4490,R2870,1/20/2024,1/20/2024,701,50,Digital Wallet,10%,197,12,0
826,C8984,R2089,1/13/2024,1/13/2024,1776,40,Credit Card,10%,70,14,0
827,C2604,R2685,1/30/2024,1/30/2024,756,50,Credit Card,50 off Promo,131,23,0
828,C1235,R2121,1/31/2024,1/31/2024,265,20,Digital Wallet,5% on App,106,12,0
829,C2908,R2142,1/26/2024,1/26/2024,948,40,Cash on Delivery,15% New User,123,32,50
830,C9567,R2993,2/5/2024,2/5/2024,595,0,Cash on Delivery,10%,147,48,0
831,C4530,R2105,1/18/2024,1/18/2024,689,40,Credit Card,5% on App,159,39,0
832,C6256,R2886,1/20/2024,1/20/2024,528,20,Digital Wallet,None,164,32,0
833,C3635,R2427,1/13/2024,1/13/2024,873,40,Cash on Delivery,50 off Promo,91,36,0
834,C9162,R2304,1/6/2024,1/7/2024,262,50,Cash on Delivery,None,117,19,0
835,C3560,R2871,1/8/2024,1/8/2024,465,50,Credit Card,10%,119,34,0
836,C6415,R2970,2/2/2024,2/2/2024,1649,20,Credit Card,10%,127,22,50
837,C4391,R2316,1/31/2024,1/31/2024,1362,30,Digital Wallet,None,139,25,0
838,C6951,R2962,1/15/2024,1/15/2024,171,50,Credit Card,10%,160,50,0
839,C6468,R2634,1/17/2024,1/17/2024,1568,0,Cash on Delivery,5% on App,161,43,0
840,C9007,R2901,1/26/2024,1/27/2024,754,20,Cash on Delivery,10%,152,46,0
841,C7413,R2008,1/4/2024,1/4/2024,1945,40,Cash on Delivery,50 off Promo,194,31,100
842,C7941,R2773,2/7/2024,2/7/2024,1632,40,Cash on Delivery,5% on App,68,26,150
843,C5820,R2072,2/2/2024,2/2/2024,1918,0,Digital Wallet,15% New User,119,32,150
844,C3898,R2358,2/7/2024,2/7/2024,368,50,Digital Wallet,10%,112,45,0
845,C8546,R2222,1/21/2024,1/21/2024,1876,20,Credit Card,10%,124,18,0
846,C1077,R2415,1/23/2024,1/23/2024,514,0,Credit Card,50 off Promo,153,11,0
847,C8577,R2552,1/9/2024,1/9/2024,1368,50,Credit Card,50 off Promo,124,41,0
848,C5227,R2369,1/30/2024,1/30/2024,1115,20,Digital Wallet,None,177,31,0
849,C1600,R2715,2/3/2024,2/3/2024,774,40,Cash on Delivery,None,105,22,0
850,C2065,R2263,1/5/2024,1/5/2024,1183,20,Credit Card,None,71,17,0
851,C3136,R2839,1/12/2024,1/13/2024,105,30,Cash on Delivery,50 off Promo,138,10,0
852,C7943,R2689,2/4/2024,2/4/2024,1832,20,Credit Card,None,68,26,0
853,C8804,R2859,1/8/2024,1/8/2024,1081,30,Credit Card,None,75,21,0
854,C7565,R2317,1/31/2024,1/31/2024,669,20,Credit Card,15% New User,72,13,0
855,C6984,R2083,1/19/2024,1/19/2024,1940,30,Credit Card,None,96,22,50
856,C6142,R2317,1/20/2024,1/20/2024,506,40,Credit Card,10%,62,40,0
857,C5670,R2110,1/7/2024,1/7/2024,1340,50,Cash on Delivery,50 off Promo,115,50,0
858,C3190,R2250,1/23/2024,1/23/2024,125,30,Credit Card,5% on App,193,16,0
859,C3712,R2382,1/21/2024,1/21/2024,1938,30,Cash on Delivery,15% New User,122,32,0
860,C3192,R2006,1/14/2024,1/14/2024,1128,40,Digital Wallet,50 off Promo,126,33,0
861,C2248,R2458,1/7/2024,1/7/2024,1085,30,Credit Card,50 off Promo,80,14,0
862,C5033,R2083,1/26/2024,1/26/2024,1655,0,Cash on Delivery,10%,134,14,0
863,C2997,R2207,1/16/2024,1/16/2024,489,40,Digital Wallet,None,108,26,0
864,C4687,R2899,2/1/2024,2/1/2024,809,0,Digital Wallet,10%,90,39,50
865,C5018,R2389,1/15/2024,1/15/2024,670,40,Digital Wallet,None,161,18,150
866,C2970,R2313,2/7/2024,2/7/2024,1571,30,Cash on Delivery,None,145,15,0
867,C9389,R2021,1/23/2024,1/23/2024,853,0,Credit Card,50 off Promo,171,34,0
868,C6765,R2409,1/2/2024,1/2/2024,245,30,Credit Card,None,154,28,0
869,C2202,R2894,2/2/2024,2/2/2024,1511,40,Cash on Delivery,15% New User,123,25,150
870,C9135,R2514,1/13/2024,1/13/2024,884,30,Credit Card,15% New User,181,30,0
871,C6567,R2126,1/11/2024,1/11/2024,1372,0,Cash on Delivery,15% New User,148,11,0
872,C8667,R2808,1/16/2024,1/16/2024,625,0,Credit Card,50 off Promo,175,19,0
873,C6742,R2699,1/12/2024,1/12/2024,1585,30,Digital Wallet,10%,187,25,0
874,C6788,R2873,1/26/2024,1/26/2024,112,20,Credit Card,5% on App,124,46,100
875,C6408,R2013,1/18/2024,1/18/2024,1002,40,Cash on Delivery,None,63,24,0
876,C9669,R2970,2/5/2024,2/6/2024,483,40,Cash on Delivery,5% on App,87,22,100
877,C1922,R2977,2/7/2024,2/7/2024,655,30,Digital Wallet,10%,189,22,0
878,C1419,R2011,1/20/2024,1/20/2024,986,20,Cash on Delivery,10%,94,41,0
879,C3204,R2086,1/31/2024,1/31/2024,1522,0,Credit Card,50 off Promo,194,17,0
880,C2120,R2523,1/6/2024,1/6/2024,118,50,Credit Card,15% New User,124,27,0
881,C1950,R2908,1/4/2024,1/4/2024,674,50,Digital Wallet,15% New User,78,45,0
882,C3336,R2536,1/14/2024,1/14/2024,1614,30,Cash on Delivery,10%,67,35,0
883,C6373,R2300,2/4/2024,2/4/2024,850,20,Digital Wallet,50 off Promo,69,19,0
884,C3243,R2242,2/6/2024,2/6/2024,1103,20,Credit Card,50 off Promo,63,40,0
885,C3645,R2121,1/15/2024,1/16/2024,518,40,Digital Wallet,None,103,42,0
886,C5612,R2146,1/29/2024,1/30/2024,1460,0,Cash on Delivery,15% New User,80,38,150
887,C2865,R2566,1/15/2024,1/15/2024,518,20,Digital Wallet,10%,107,14,0
888,C7028,R2749,1/24/2024,1/24/2024,1735,50,Cash on Delivery,5% on App,153,22,0
889,C8326,R2355,1/11/2024,1/11/2024,1798,0,Cash on Delivery,15% New User,177,10,0
890,C7371,R2684,2/7/2024,2/7/2024,221,0,Credit Card,None,74,32,0
891,C7359,R2903,1/28/2024,1/28/2024,531,30,Credit Card,50 off Promo,68,49,0
892,C8863,R2732,1/6/2024,1/6/2024,143,20,Credit Card,10%,185,12,150
893,C4228,R2630,1/13/2024,1/13/2024,1995,30,Cash on Delivery,15% New User,52,12,100
894,C4719,R2308,2/5/2024,2/5/2024,1440,20,Digital Wallet,5% on App,135,16,0
895,C3371,R2694,1/27/2024,1/27/2024,480,40,Cash on Delivery,None,194,45,0
896,C3891,R2287,2/2/2024,2/2/2024,244,30,Credit Card,None,191,44,150
897,C4756,R2306,1/27/2024,1/27/2024,1450,30,Credit Card,15% New User,58,24,50
898,C5225,R2811,2/3/2024,2/3/2024,462,50,Digital Wallet,5% on App,143,49,0
899,C1094,R2593,2/7/2024,2/7/2024,1173,30,Credit Card,None,198,12,0
900,C3674,R2965,1/21/2024,1/21/2024,1188,20,Credit Card,10%,188,38,0
901,C7898,R2913,1/16/2024,1/16/2024,454,50,Credit Card,None,69,39,100
902,C1793,R2722,1/4/2024,1/4/2024,899,30,Digital Wallet,5% on App,84,48,0
903,C3116,R2661,1/8/2024,1/8/2024,1287,30,Cash on Delivery,50 off Promo,102,27,150
904,C6779,R2548,1/22/2024,1/22/2024,1264,40,Credit Card,50 off Promo,159,20,100
905,C7166,R2351,1/26/2024,1/26/2024,925,30,Digital Wallet,15% New User,185,47,0
906,C1814,R2311,2/5/2024,2/5/2024,1251,0,Credit Card,5% on App,53,49,0
907,C1345,R2872,1/17/2024,1/17/2024,497,50,Digital Wallet,None,151,10,0
908,C9554,R2058,1/3/2024,1/3/2024,979,0,Credit Card,None,96,38,150
909,C3443,R2642,1/29/2024,1/29/2024,562,50,Digital Wallet,50 off Promo,143,19,0
910,C8783,R2923,1/30/2024,1/30/2024,1874,40,Credit Card,50 off Promo,97,37,0
911,C1984,R2713,1/16/2024,1/16/2024,1959,30,Cash on Delivery,10%,140,40,0
912,C8790,R2754,1/15/2024,1/15/2024,907,30,Credit Card,50 off Promo,133,28,150
913,C1827,R2034,1/11/2024,1/11/2024,286,30,Digital Wallet,10%,117,12,0
914,C4531,R2444,1/25/2024,1/25/2024,1843,50,Credit Card,None,188,45,0
915,C8147,R2092,1/31/2024,1/31/2024,831,30,Cash on Delivery,10%,174,24,50
916,C5451,R2949,2/1/2024,2/1/2024,1313,0,Credit Card,10%,122,42,0
917,C4876,R2958,1/18/2024,1/18/2024,1511,30,Digital Wallet,15% New User,53,50,0
918,C6959,R2206,1/22/2024,1/22/2024,528,40,Digital Wallet,50 off Promo,125,35,0
919,C1126,R2352,1/4/2024,1/4/2024,957,0,Cash on Delivery,10%,122,25,0
920,C4177,R2902,1/25/2024,1/25/2024,1407,30,Digital Wallet,None,126,45,150
921,C9795,R2331,1/26/2024,1/26/2024,1987,30,Credit Card,5% on App,97,42,0
922,C7024,R2816,1/9/2024,1/9/2024,336,20,Credit Card,10%,151,29,150
923,C6109,R2861,1/19/2024,1/19/2024,1317,50,Credit Card,50 off Promo,155,22,0
924,C5146,R2724,2/6/2024,2/6/2024,1410,0,Digital Wallet,15% New User,126,42,50
925,C8196,R2158,1/8/2024,1/8/2024,870,20,Credit Card,None,88,14,50
926,C4368,R2953,1/3/2024,1/3/2024,857,40,Credit Card,15% New User,107,46,100
927,C4797,R2956,2/6/2024,2/6/2024,235,50,Credit Card,5% on App,68,23,0
928,C2792,R2023,1/29/2024,1/30/2024,891,0,Cash on Delivery,10%,137,36,0
929,C6732,R2403,1/6/2024,1/6/2024,1906,30,Digital Wallet,10%,162,32,0
930,C4476,R2804,1/6/2024,1/7/2024,270,0,Digital Wallet,50 off Promo,126,23,0
931,C4417,R2515,1/8/2024,1/8/2024,258,30,Digital Wallet,10%,126,49,0
932,C2645,R2731,1/27/2024,1/27/2024,300,50,Cash on Delivery,None,77,13,0
933,C4030,R2363,1/13/2024,1/13/2024,1610,30,Digital Wallet,5% on App,115,48,0
934,C3872,R2381,1/3/2024,1/3/2024,1680,40,Cash on Delivery,15% New User,59,28,0
935,C4072,R2531,2/7/2024,2/7/2024,1061,30,Cash on Delivery,5% on App,175,13,0
936,C2854,R2955,2/1/2024,2/1/2024,1899,40,Digital Wallet,10%,107,39,50
937,C5021,R2151,1/27/2024,1/27/2024,682,50,Credit Card,15% New User,191,28,0
938,C5662,R2561,1/31/2024,1/31/2024,1627,50,Credit Card,50 off Promo,174,40,0
939,C7514,R2688,1/21/2024,1/21/2024,975,0,Digital Wallet,5% on App,161,40,50
940,C6031,R2946,1/25/2024,1/25/2024,470,40,Digital Wallet,15% New User,133,18,100
941,C3708,R2607,1/18/2024,1/18/2024,202,40,Cash on Delivery,15% New User,192,22,0
942,C8112,R2616,1/13/2024,1/13/2024,1101,20,Digital Wallet,15% New User,145,23,0
943,C9393,R2419,1/24/2024,1/24/2024,1248,20,Cash on Delivery,None,82,19,0
944,C4507,R2249,1/26/2024,1/26/2024,1436,20,Digital Wallet,5% on App,194,40,0
945,C7456,R2116,1/10/2024,1/10/2024,1075,30,Credit Card,15% New User,190,46,0
946,C5212,R2865,2/2/2024,2/2/2024,897,20,Credit Card,5% on App,96,32,0
947,C8970,R2511,1/7/2024,1/7/2024,1581,40,Digital Wallet,15% New User,161,36,0
948,C9766,R2739,1/28/2024,1/28/2024,1353,30,Cash on Delivery,50 off Promo,193,15,0
949,C1536,R2577,1/22/2024,1/22/2024,757,50,Credit Card,50 off Promo,92,35,0
950,C2625,R2334,1/31/2024,1/31/2024,981,0,Cash on Delivery,50 off Promo,57,11,150
951,C8973,R2417,1/9/2024,1/9/2024,1320,20,Digital Wallet,10%,52,22,0
952,C9577,R2931,1/28/2024,1/28/2024,832,50,Digital Wallet,15% New User,174,28,0
953,C9070,R2773,2/3/2024,2/3/2024,522,40,Credit Card,10%,61,10,0
954,C9666,R2294,1/16/2024,1/16/2024,671,0,Digital Wallet,5% on App,133,49,150
955,C9609,R2937,1/27/2024,1/27/2024,1733,50,Credit Card,10%,65,41,0
956,C7490,R2754,1/2/2024,1/2/2024,270,0,Cash on Delivery,5% on App,127,31,0
957,C4600,R2370,1/20/2024,1/20/2024,1505,20,Credit Card,5% on App,108,38,0
958,C7783,R2185,1/30/2024,1/30/2024,272,40,Credit Card,5% on App,112,11,0
959,C5971,R2245,1/19/2024,1/19/2024,762,0,Cash on Delivery,10%,98,49,0
960,C2205,R2636,1/11/2024,1/11/2024,552,50,Credit Card,15% New User,100,47,0
961,C2990,R2267,1/17/2024,1/17/2024,449,20,Credit Card,10%,82,20,0
962,C6299,R2642,1/1/2024,1/1/2024,1757,20,Digital Wallet,15% New User,79,26,150
963,C4572,R2236,1/10/2024,1/10/2024,593,50,Cash on Delivery,15% New User,125,17,100
964,C6975,R2529,2/1/2024,2/1/2024,719,50,Credit Card,5% on App,64,31,0
965,C7320,R2551,2/5/2024,2/5/2024,1127,0,Cash on Delivery,10%,131,13,0
966,C5380,R2020,1/31/2024,1/31/2024,1216,30,Cash on Delivery,15% New User,141,20,100
967,C5757,R2910,1/25/2024,1/25/2024,1018,20,Credit Card,50 off Promo,72,17,0
968,C3713,R2736,1/30/2024,1/30/2024,105,0,Digital Wallet,15% New User,143,18,0
969,C6588,R2866,1/20/2024,1/20/2024,387,50,Cash on Delivery,50 off Promo,94,35,0
970,C1966,R2793,1/20/2024,1/20/2024,1741,0,Credit Card,10%,111,11,50
971,C5944,R2519,2/7/2024,2/7/2024,1269,50,Cash on Delivery,10%,64,25,0
972,C4432,R2099,2/5/2024,2/5/2024,1906,40,Digital Wallet,10%,95,40,0
973,C1688,R2751,1/19/2024,1/19/2024,1547,50,Digital Wallet,15% New User,113,15,150
974,C5243,R2477,1/28/2024,1/28/2024,707,50,Digital Wallet,None,124,30,0
975,C4701,R2598,2/5/2024,2/5/2024,556,50,Credit Card,15% New User,101,35,0
976,C9533,R2297,1/30/2024,1/30/2024,1864,30,Credit Card,15% New User,137,28,0
977,C6182,R2939,1/26/2024,1/26/2024,1325,50,Digital Wallet,5% on App,106,37,0
978,C7704,R2525,1/21/2024,1/21/2024,1335,20,Credit Card,5% on App,132,17,50
979,C5422,R2333,2/2/2024,2/2/2024,1129,20,Digital Wallet,15% New User,115,23,100
980,C2759,R2001,1/8/2024,1/8/2024,723,0,Credit Card,50 off Promo,199,33,0
981,C3482,R2374,1/17/2024,1/17/2024,475,30,Digital Wallet,5% on App,69,46,0
982,C9058,R2292,1/12/2024,1/12/2024,546,0,Cash on Delivery,15% New User,82,35,0
983,C1951,R2836,1/1/2024,1/1/2024,934,20,Digital Wallet,None,121,40,0
984,C9914,R2933,1/1/2024,1/1/2024,1229,20,Digital Wallet,50 off Promo,74,41,0
985,C3079,R2552,1/26/2024,1/27/2024,1774,40,Credit Card,10%,95,50,0
986,C3717,R2317,1/12/2024,1/12/2024,910,50,Credit Card,15% New User,122,11,150
987,C5524,R2501,1/24/2024,1/24/2024,1524,20,Credit Card,15% New User,147,34,0
988,C9477,R2827,1/6/2024,1/6/2024,1219,0,Credit Card,50 off Promo,106,11,0
989,C8311,R2380,1/31/2024,1/31/2024,1511,0,Credit Card,5% on App,136,10,0
990,C8186,R2622,1/9/2024,1/9/2024,1058,50,Credit Card,5% on App,182,45,0
991,C3065,R2013,1/26/2024,1/26/2024,1575,50,Cash on Delivery,5% on App,104,21,0
992,C1768,R2503,1/4/2024,1/4/2024,948,40,Digital Wallet,10%,110,18,0
993,C6490,R2230,1/18/2024,1/18/2024,908,30,Digital Wallet,50 off Promo,138,45,0
994,C7645,R2984,1/28/2024,1/28/2024,1078,0,Digital Wallet,50 off Promo,57,50,0
995,C6083,R2083,1/7/2024,1/7/2024,515,50,Cash on Delivery,5% on App,65,37,0
996,C6232,R2129,1/14/2024,1/14/2024,825,0,Digital Wallet,5% on App,165,47,50
997,C6797,R2742,1/28/2024,1/28/2024,1627,50,Cash on Delivery,None,110,42,0
998,C5926,R2837,1/21/2024,1/21/2024,553,20,Cash on Delivery,None,64,31,0
999,C7016,R2144,1/30/2024,1/31/2024,1414,0,Cash on Delivery,15% New User,199,34,0
1000,C4335,R2890,1/8/2024,1/8/2024,1657,20,Digital Wallet,15% New User,180,27,100
